source_row,batch,episode_id,scene_id,attempt,anchor_index,anchor_role,trajectory_return_index,attempt_step,robot_x,robot_y,robot_yaw_rad,anchor_x,anchor_y,estimated_bearing_deg,recomputed_true_bearing_deg,recomputed_bearing_error_deg,estimated_distance_m,recomputed_true_distance_m,recomputed_distance_error_m,stored_pose_bad,recomputed_pose_bad,passed,failed_checks,measurement,trajectory
6287,reliability_v11_prospective_capture_shadow_100ep_20260722_accumulated,3,x8F5xyUWy9e,2,7,next,4,1179,0.3498643636703491,0.37204015254974365,-1.9149242478573416,0.1770876795053482,-0.04141475632786751,-1.9205138052436284,-2.9622502298250675,1.041736424581444,0.46379612985707575,0.4481034972704924,0.01569263258658332,0,0,True,,/mnt/SSD4T/teambruce/projects/navila-isaac/NaVILA-Bench/eval_results/round_trip_phase_prompt_go2_matterport_vision_loco_2024-09-25_23-22-02_reliability_v11_prospective_capture_shadow_100ep_20260722_accumulated_ep3/measurements/6.json,/mnt/SSD4T/teambruce/projects/navila-isaac/NaVILA-Bench/eval_results/round_trip_phase_prompt_go2_matterport_vision_loco_2024-09-25_23-22-02_reliability_v11_prospective_capture_shadow_100ep_20260722_accumulated_ep3/trajectories/output_6.jsonl
2712,reliability_v11_prospective_capture_shadow_100ep_20260722_accumulated,18,x8F5xyUWy9e,9,11,current,39,2014,-1.3475632667541504,0.3859420418739319,-3.118895005801702,-1.7880449295043945,0.4327121675014496,1.350109047341256,-7.361407953274611,8.711517000615856,0.5551410690142612,0.44295771792625266,0.11218335108800853,0,0,True,,/mnt/SSD4T/teambruce/projects/navila-isaac/NaVILA-Bench/eval_results/round_trip_phase_prompt_go2_matterport_vision_loco_2024-09-25_23-22-02_reliability_v11_prospective_capture_shadow_100ep_20260722_accumulated_ep18/measurements/30.json,/mnt/SSD4T/teambruce/projects/navila-isaac/NaVILA-Bench/eval_results/round_trip_phase_prompt_go2_matterport_vision_loco_2024-09-25_23-22-02_reliability_v11_prospective_capture_shadow_100ep_20260722_accumulated_ep18/trajectories/output_30.jsonl
2788,reliability_v11_prospective_capture_shadow_100ep_20260722_accumulated,18,x8F5xyUWy9e,47,9,current,229,2204,-2.7747676372528076,0.22607465088367462,-2.9461359020986153,-3.3447649478912354,0.4418509304523468,-160.62934411776095,-31.93334089180565,128.6960032259553,0.709139623032101,0.6094721789873087,0.09966744404479233,1,1,True,,/mnt/SSD4T/teambruce/projects/navila-isaac/NaVILA-Bench/eval_results/round_trip_phase_prompt_go2_matterport_vision_loco_2024-09-25_23-22-02_reliability_v11_prospective_capture_shadow_100ep_20260722_accumulated_ep18/measurements/30.json,/mnt/SSD4T/teambruce/projects/navila-isaac/NaVILA-Bench/eval_results/round_trip_phase_prompt_go2_matterport_vision_loco_2024-09-25_23-22-02_reliability_v11_prospective_capture_shadow_100ep_20260722_accumulated_ep18/trajectories/output_30.jsonl
3587,reliability_v11_prospective_capture_shadow_100ep_20260722_accumulated,19,x8F5xyUWy9e,56,7,next,274,1774,-4.066127777099609,0.8189291954040527,-1.0796489502190691,-4.340949535369873,1.8391578197479248,43.77044983643442,166.93539951409434,123.16494967765992,3.9683309246517093,1.0565952132909504,2.911735711360759,1,1,True,,/mnt/SSD4T/teambruce/projects/navila-isaac/NaVILA-Bench/eval_results/round_trip_phase_prompt_go2_matterport_vision_loco_2024-09-25_23-22-02_reliability_v11_prospective_capture_shadow_100ep_20260722_accumulated_ep19/measurements/31.json,/mnt/SSD4T/teambruce/projects/navila-isaac/NaVILA-Bench/eval_results/round_trip_phase_prompt_go2_matterport_vision_loco_2024-09-25_23-22-02_reliability_v11_prospective_capture_shadow_100ep_20260722_accumulated_ep19/trajectories/output_31.jsonl
33874,reliability_v11_prospective_capture_shadow_100ep_20260722_accumulated,87,EU6Fwq7SyZv,939,6,next,4689,6464,0.8853371143341064,-7.8866047859191895,-0.9753187240082554,0.7219572067260742,-5.501467704772949,153.31675581652016,149.80023863401254,3.516517182507613,1.706827482522165,2.3907262264987215,0.6838987439765565,1,1,True,,/mnt/SSD4T/teambruce/projects/navila-isaac/NaVILA-Bench/eval_results/round_trip_phase_prompt_go2_matterport_vision_loco_2024-09-25_23-22-02_reliability_v11_prospective_capture_shadow_100ep_20260722_accumulated_ep87/measurements/126.json,/mnt/SSD4T/teambruce/projects/navila-isaac/NaVILA-Bench/eval_results/round_trip_phase_prompt_go2_matterport_vision_loco_2024-09-25_23-22-02_reliability_v11_prospective_capture_shadow_100ep_20260722_accumulated_ep87/trajectories/output_126.jsonl
34829,reliability_v11_prospective_capture_shadow_100ep_20260722_accumulated,93,2azQ1b91cZZ,142,1,next,704,3504,16.649423599243164,0.05062466114759445,-2.650285835774443,10.341350555419922,-6.520552635192871,-167.2876952303186,18.020499109924327,174.69180565975705,1.3320403029311318,9.108905345108697,7.776865042177565,1,1,True,,/mnt/SSD4T/teambruce/projects/navila-isaac/NaVILA-Bench/eval_results/round_trip_phase_prompt_go2_matterport_vision_loco_2024-09-25_23-22-02_reliability_v11_prospective_capture_shadow_100ep_20260722_accumulated_ep93/measurements/138.json,/mnt/SSD4T/teambruce/projects/navila-isaac/NaVILA-Bench/eval_results/round_trip_phase_prompt_go2_matterport_vision_loco_2024-09-25_23-22-02_reliability_v11_prospective_capture_shadow_100ep_20260722_accumulated_ep93/trajectories/output_138.jsonl
35099,reliability_v11_prospective_capture_shadow_100ep_20260722_accumulated,95,2azQ1b91cZZ,118,10,next,584,2934,15.15434455871582,-0.25358715653419495,-2.177536989358301,14.639066696166992,-0.7593330144882202,-6.02648977504111,-10.771203322845457,4.744713547804338,0.42395080238303473,0.7220042579310333,0.29805345554799856,0,0,True,,/mnt/SSD4T/teambruce/projects/navila-isaac/NaVILA-Bench/eval_results/round_trip_phase_prompt_go2_matterport_vision_loco_2024-09-25_23-22-02_reliability_v11_prospective_capture_shadow_100ep_20260722_accumulated_ep95/measurements/140.json,/mnt/SSD4T/teambruce/projects/navila-isaac/NaVILA-Bench/eval_results/round_trip_phase_prompt_go2_matterport_vision_loco_2024-09-25_23-22-02_reliability_v11_prospective_capture_shadow_100ep_20260722_accumulated_ep95/trajectories/output_140.jsonl
35145,reliability_v11_prospective_capture_shadow_100ep_20260722_accumulated,95,2azQ1b91cZZ,141,8,next,699,3049,14.684727668762207,-0.9476364254951477,-2.280070100844202,13.330066680908203,-1.6448534727096558,-63.28123730963748,-22.12762755858505,41.15360975105244,0.6224013690053826,1.5235543977620565,0.9011530287566739,1,1,True,,/mnt/SSD4T/teambruce/projects/navila-isaac/NaVILA-Bench/eval_results/round_trip_phase_prompt_go2_matterport_vision_loco_2024-09-25_23-22-02_reliability_v11_prospective_capture_shadow_100ep_20260722_accumulated_ep95/measurements/140.json,/mnt/SSD4T/teambruce/projects/navila-isaac/NaVILA-Bench/eval_results/round_trip_phase_prompt_go2_matterport_vision_loco_2024-09-25_23-22-02_reliability_v11_prospective_capture_shadow_100ep_20260722_accumulated_ep95/trajectories/output_140.jsonl
619,reliability_v11_prospective_capture_shadow_100ep_20260722_accumulated,100,zsNo4HB9uLZ,310,10,next,1544,3319,4.113339424133301,0.8953066468238831,-2.9537053870715204,1.7967861890792847,0.10509860515594482,9.81205811163124,8.07006451849806,1.7419935931331736,2.4236134268417415,2.447620812126728,0.024007385284986693,0,0,True,,/mnt/SSD4T/teambruce/projects/navila-isaac/NaVILA-Bench/eval_results/round_trip_phase_prompt_go2_matterport_vision_loco_2024-09-25_23-22-02_reliability_v11_prospective_capture_shadow_100ep_20260722_accumulated_ep100/measurements/145.json,/mnt/SSD4T/teambruce/projects/navila-isaac/NaVILA-Bench/eval_results/round_trip_phase_prompt_go2_matterport_vision_loco_2024-09-25_23-22-02_reliability_v11_prospective_capture_shadow_100ep_20260722_accumulated_ep100/trajectories/output_145.jsonl
1845,reliability_v11_prospective_capture_shadow_100ep_20260722_accumulated,100,zsNo4HB9uLZ,923,2,next,4609,6384,3.758704900741577,3.591238498687744,1.8095882247339616,8.435442924499512,0.09188254177570343,-20.480587452388985,-140.48733616706622,120.0067487146772,0.5685262455340365,5.841007674711534,5.272481429177498,1,1,True,,/mnt/SSD4T/teambruce/projects/navila-isaac/NaVILA-Bench/eval_results/round_trip_phase_prompt_go2_matterport_vision_loco_2024-09-25_23-22-02_reliability_v11_prospective_capture_shadow_100ep_20260722_accumulated_ep100/measurements/145.json,/mnt/SSD4T/teambruce/projects/navila-isaac/NaVILA-Bench/eval_results/round_trip_phase_prompt_go2_matterport_vision_loco_2024-09-25_23-22-02_reliability_v11_prospective_capture_shadow_100ep_20260722_accumulated_ep100/trajectories/output_145.jsonl
3922,reliability_v11_prospective_capture_shadow_100ep_20260722_accumulated,196,zsNo4HB9uLZ,146,9,current,724,2749,3.8574957847595215,3.6572208404541016,-2.0520070667561425,3.731389045715332,4.356132984161377,-143.65888432189308,-142.2006591692962,1.4582251525968957,0.7362868111106327,0.7101979261120511,0.02608888499858153,0,0,True,,/mnt/SSD4T/teambruce/projects/navila-isaac/NaVILA-Bench/eval_results/round_trip_phase_prompt_go2_matterport_vision_loco_2024-09-25_23-22-02_reliability_v11_prospective_capture_shadow_100ep_20260722_accumulated_ep196/measurements/301.json,/mnt/SSD4T/teambruce/projects/navila-isaac/NaVILA-Bench/eval_results/round_trip_phase_prompt_go2_matterport_vision_loco_2024-09-25_23-22-02_reliability_v11_prospective_capture_shadow_100ep_20260722_accumulated_ep196/trajectories/output_301.jsonl
4275,reliability_v11_prospective_capture_shadow_100ep_20260722_accumulated,205,2azQ1b91cZZ,29,10,next,139,2014,-4.7039947509765625,-1.0276108980178833,0.4184245263989415,-3.181116819381714,-1.1089345216751099,-27.36261581975534,-27.03072365410333,0.33189216565202173,1.5509136340100511,1.5250477783674015,0.02586585564264965,0,0,True,,/mnt/SSD4T/teambruce/projects/navila-isaac/NaVILA-Bench/eval_results/round_trip_phase_prompt_go2_matterport_vision_loco_2024-09-25_23-22-02_reliability_v11_prospective_capture_shadow_100ep_20260722_accumulated_ep205/measurements/313.json,/mnt/SSD4T/teambruce/projects/navila-isaac/NaVILA-Bench/eval_results/round_trip_phase_prompt_go2_matterport_vision_loco_2024-09-25_23-22-02_reliability_v11_prospective_capture_shadow_100ep_20260722_accumulated_ep205/trajectories/output_313.jsonl
4355,reliability_v11_prospective_capture_shadow_100ep_20260722_accumulated,205,2azQ1b91cZZ,69,7,next,339,2214,-3.5734026432037354,-0.9433485865592957,0.018350451044508734,-0.6687108874320984,-1.284990668296814,-70.56645881245312,-7.759559979437638,62.80689883301548,2.55690632358299,2.924714260925614,0.36780793734262396,1,1,True,,/mnt/SSD4T/teambruce/projects/navila-isaac/NaVILA-Bench/eval_results/round_trip_phase_prompt_go2_matterport_vision_loco_2024-09-25_23-22-02_reliability_v11_prospective_capture_shadow_100ep_20260722_accumulated_ep205/measurements/313.json,/mnt/SSD4T/teambruce/projects/navila-isaac/NaVILA-Bench/eval_results/round_trip_phase_prompt_go2_matterport_vision_loco_2024-09-25_23-22-02_reliability_v11_prospective_capture_shadow_100ep_20260722_accumulated_ep205/trajectories/output_313.jsonl
4925,reliability_v11_prospective_capture_shadow_100ep_20260722_accumulated,264,zsNo4HB9uLZ,153,1,next,759,2734,8.740113258361816,0.07656733691692352,-3.061466403838165,2.747650384902954,0.1489841639995575,177.6802496353144,-5.283261779621031,177.0364885850646,2.968450362323229,5.992900423553487,3.024450061230258,1,1,True,,/mnt/SSD4T/teambruce/projects/navila-isaac/NaVILA-Bench/eval_results/round_trip_phase_prompt_go2_matterport_vision_loco_2024-09-25_23-22-02_reliability_v11_prospective_capture_shadow_100ep_20260722_accumulated_ep264/measurements/417.json,/mnt/SSD4T/teambruce/projects/navila-isaac/NaVILA-Bench/eval_results/round_trip_phase_prompt_go2_matterport_vision_loco_2024-09-25_23-22-02_reliability_v11_prospective_capture_shadow_100ep_20260722_accumulated_ep264/trajectories/output_417.jsonl
5023,reliability_v11_prospective_capture_shadow_100ep_20260722_accumulated,276,EU6Fwq7SyZv,26,10,next,124,2074,7.0849223136901855,-1.3516159057617188,-2.3100129072991584,6.444096565246582,-1.313538670539856,-51.12600898458547,-51.04647046470776,0.07953851987770122,0.6282724258127943,0.6419560076130183,0.013683581800223998,0,0,True,,/mnt/SSD4T/teambruce/projects/navila-isaac/NaVILA-Bench/eval_results/round_trip_phase_prompt_go2_matterport_vision_loco_2024-09-25_23-22-02_reliability_v11_prospective_capture_shadow_100ep_20260722_accumulated_ep276/measurements/441.json,/mnt/SSD4T/teambruce/projects/navila-isaac/NaVILA-Bench/eval_results/round_trip_phase_prompt_go2_matterport_vision_loco_2024-09-25_23-22-02_reliability_v11_prospective_capture_shadow_100ep_20260722_accumulated_ep276/trajectories/output_441.jsonl
5489,reliability_v11_prospective_capture_shadow_100ep_20260722_accumulated,276,EU6Fwq7SyZv,259,9,next,1289,3239,6.859487533569336,-2.352067708969116,1.0382684556608142,5.60610818862915,-1.4110605716705322,119.89696287284679,83.61325688284626,36.28370599000053,0.25356696481322977,1.5673079514790846,1.313740986665855,1,1,True,,/mnt/SSD4T/teambruce/projects/navila-isaac/NaVILA-Bench/eval_results/round_trip_phase_prompt_go2_matterport_vision_loco_2024-09-25_23-22-02_reliability_v11_prospective_capture_shadow_100ep_20260722_accumulated_ep276/measurements/441.json,/mnt/SSD4T/teambruce/projects/navila-isaac/NaVILA-Bench/eval_results/round_trip_phase_prompt_go2_matterport_vision_loco_2024-09-25_23-22-02_reliability_v11_prospective_capture_shadow_100ep_20260722_accumulated_ep276/trajectories/output_441.jsonl
6593,reliability_v11_prospective_capture_shadow_100ep_20260722_accumulated,310,QUCTc6BB5sX,14,10,next,64,1639,5.280197620391846,12.04781723022461,-2.9238243849434977,3.860031843185425,12.174802780151367,-13.4357139293364,-17.58677392711272,4.151059997776315,3.438794191061912,1.4258317448557942,2.012962446206118,1,1,True,,/mnt/SSD4T/teambruce/projects/navila-isaac/NaVILA-Bench/eval_results/round_trip_phase_prompt_go2_matterport_vision_loco_2024-09-25_23-22-02_reliability_v11_prospective_capture_shadow_100ep_20260722_accumulated_ep310/measurements/499.json,/mnt/SSD4T/teambruce/projects/navila-isaac/NaVILA-Bench/eval_results/round_trip_phase_prompt_go2_matterport_vision_loco_2024-09-25_23-22-02_reliability_v11_prospective_capture_shadow_100ep_20260722_accumulated_ep310/trajectories/output_499.jsonl
7287,reliability_v11_prospective_capture_shadow_100ep_20260722_accumulated,333,zsNo4HB9uLZ,99,6,current,489,1839,10.783570289611816,0.3698650598526001,0.20891496572696658,9.655978202819824,0.03863866254687309,-138.2388838150262,-175.59997164280526,37.361087827779045,0.48873083904189357,1.1752339513765124,0.6865031123346188,1,1,True,,/mnt/SSD4T/teambruce/projects/navila-isaac/NaVILA-Bench/eval_results/round_trip_phase_prompt_go2_matterport_vision_loco_2024-09-25_23-22-02_reliability_v11_prospective_capture_shadow_100ep_20260722_accumulated_ep333/measurements/543.json,/mnt/SSD4T/teambruce/projects/navila-isaac/NaVILA-Bench/eval_results/round_trip_phase_prompt_go2_matterport_vision_loco_2024-09-25_23-22-02_reliability_v11_prospective_capture_shadow_100ep_20260722_accumulated_ep333/trajectories/output_543.jsonl
7304,reliability_v11_prospective_capture_shadow_100ep_20260722_accumulated,333,zsNo4HB9uLZ,107,4,next,529,1879,11.09363079071045,0.4272330105304718,0.21071210262911477,11.33055305480957,0.26181674003601074,-41.12640179239584,-46.99519539381189,5.868793601416058,0.36335661140395936,0.28895449775033855,0.07440211365362082,0,0,True,,/mnt/SSD4T/teambruce/projects/navila-isaac/NaVILA-Bench/eval_results/round_trip_phase_prompt_go2_matterport_vision_loco_2024-09-25_23-22-02_reliability_v11_prospective_capture_shadow_100ep_20260722_accumulated_ep333/measurements/543.json,/mnt/SSD4T/teambruce/projects/navila-isaac/NaVILA-Bench/eval_results/round_trip_phase_prompt_go2_matterport_vision_loco_2024-09-25_23-22-02_reliability_v11_prospective_capture_shadow_100ep_20260722_accumulated_ep333/trajectories/output_543.jsonl
7486,reliability_v11_prospective_capture_shadow_100ep_20260722_accumulated,344,X7HyMhZNoso,67,10,next,329,2279,-3.6444621086120605,-16.522233963012695,0.4463671028588205,-2.4801931381225586,-14.675024032592773,25.26701899802779,32.2024272431074,6.9354082450796,2.433374988400316,2.1835079030511104,0.24986708534920554,0,0,True,,/mnt/SSD4T/teambruce/projects/navila-isaac/NaVILA-Bench/eval_results/round_trip_phase_prompt_go2_matterport_vision_loco_2024-09-25_23-22-02_reliability_v11_prospective_capture_shadow_100ep_20260722_accumulated_ep344/measurements/563.json,/mnt/SSD4T/teambruce/projects/navila-isaac/NaVILA-Bench/eval_results/round_trip_phase_prompt_go2_matterport_vision_loco_2024-09-25_23-22-02_reliability_v11_prospective_capture_shadow_100ep_20260722_accumulated_ep344/trajectories/output_563.jsonl
7507,reliability_v11_prospective_capture_shadow_100ep_20260722_accumulated,344,X7HyMhZNoso,78,12,current,384,2334,-3.641718864440918,-16.52919578552246,0.49224671886068205,-3.1638569831848145,-15.938151359558105,53.497247304571324,22.840656906764423,30.656590397806895,1.992335501161056,0.7600562420118375,1.2322792591492184,1,1,True,,/mnt/SSD4T/teambruce/projects/navila-isaac/NaVILA-Bench/eval_results/round_trip_phase_prompt_go2_matterport_vision_loco_2024-09-25_23-22-02_reliability_v11_prospective_capture_shadow_100ep_20260722_accumulated_ep344/measurements/563.json,/mnt/SSD4T/teambruce/projects/navila-isaac/NaVILA-Bench/eval_results/round_trip_phase_prompt_go2_matterport_vision_loco_2024-09-25_23-22-02_reliability_v11_prospective_capture_shadow_100ep_20260722_accumulated_ep344/trajectories/output_563.jsonl
7634,reliability_v11_prospective_capture_shadow_100ep_20260722_accumulated,351,QUCTc6BB5sX,53,14,next,259,2934,-10.606212615966797,11.165777206420898,0.5580362963607631,-7.1695780754089355,11.164939880371094,-5.2803204178173,-31.9870845469984,26.706764129181096,3.7376113127291988,3.4366346425638934,0.3009766701653054,0,0,True,,/mnt/SSD4T/teambruce/projects/navila-isaac/NaVILA-Bench/eval_results/round_trip_phase_prompt_go2_matterport_vision_loco_2024-09-25_23-22-02_reliability_v11_prospective_capture_shadow_100ep_20260722_accumulated_ep351/measurements/576.json,/mnt/SSD4T/teambruce/projects/navila-isaac/NaVILA-Bench/eval_results/round_trip_phase_prompt_go2_matterport_vision_loco_2024-09-25_23-22-02_reliability_v11_prospective_capture_shadow_100ep_20260722_accumulated_ep351/trajectories/output_576.jsonl
8434,reliability_v11_prospective_capture_shadow_100ep_20260722_accumulated,355,x8F5xyUWy9e,1,14,next,0,2325,-1.1831185817718506,-5.707215309143066,0.7417379335230962,-1.038086175918579,-5.5743937492370605,8.612843251866986,-0.014811100640302787,8.627654352507278,0.1894263537522264,0.19666205918644492,0.007235705434218503,0,0,True,,/mnt/SSD4T/teambruce/projects/navila-isaac/NaVILA-Bench/eval_results/round_trip_phase_prompt_go2_matterport_vision_loco_2024-09-25_23-22-02_reliability_v11_prospective_capture_shadow_100ep_20260722_accumulated_ep355/measurements/583.json,/mnt/SSD4T/teambruce/projects/navila-isaac/NaVILA-Bench/eval_results/round_trip_phase_prompt_go2_matterport_vision_loco_2024-09-25_23-22-02_reliability_v11_prospective_capture_shadow_100ep_20260722_accumulated_ep355/trajectories/output_583.jsonl
8622,reliability_v11_prospective_capture_shadow_100ep_20260722_accumulated,355,x8F5xyUWy9e,95,14,next,469,2794,-0.41293764114379883,-3.0656509399414062,1.2328366308454735,-1.038086175918579,-5.5743937492370605,-171.8468525207058,-174.62878195798194,2.7819294372761476,1.0515249084545106,2.5854595672188934,1.5339346587643827,1,1,True,,/mnt/SSD4T/teambruce/projects/navila-isaac/NaVILA-Bench/eval_results/round_trip_phase_prompt_go2_matterport_vision_loco_2024-09-25_23-22-02_reliability_v11_prospective_capture_shadow_100ep_20260722_accumulated_ep355/measurements/583.json,/mnt/SSD4T/teambruce/projects/navila-isaac/NaVILA-Bench/eval_results/round_trip_phase_prompt_go2_matterport_vision_loco_2024-09-25_23-22-02_reliability_v11_prospective_capture_shadow_100ep_20260722_accumulated_ep355/trajectories/output_583.jsonl
9600,reliability_v11_prospective_capture_shadow_100ep_20260722_accumulated,356,x8F5xyUWy9e,1,4,next,0,1200,0.5098021030426025,7.757091522216797,-1.0112407372494912,0.8199272751808167,7.261733055114746,3.9570962292091623,-0.01105046450313159,3.968146693712299,0.5841336533844491,0.5844293227785978,0.00029566939414871207,0,0,True,,/mnt/SSD4T/teambruce/projects/navila-isaac/NaVILA-Bench/eval_results/round_trip_phase_prompt_go2_matterport_vision_loco_2024-09-25_23-22-02_reliability_v11_prospective_capture_shadow_100ep_20260722_accumulated_ep356/measurements/584.json,/mnt/SSD4T/teambruce/projects/navila-isaac/NaVILA-Bench/eval_results/round_trip_phase_prompt_go2_matterport_vision_loco_2024-09-25_23-22-02_reliability_v11_prospective_capture_shadow_100ep_20260722_accumulated_ep356/trajectories/output_584.jsonl
9804,reliability_v11_prospective_capture_shadow_100ep_20260722_accumulated,356,x8F5xyUWy9e,166,4,current,824,2024,2.7088377475738525,2.465883255004883,-1.070871592333062,0.8199272751808167,7.261733055114746,-55.692781360777786,172.85409557467204,131.45312306455014,3.7427178310719857,5.154430916981029,1.4117130859090437,1,1,True,,/mnt/SSD4T/teambruce/projects/navila-isaac/NaVILA-Bench/eval_results/round_trip_phase_prompt_go2_matterport_vision_loco_2024-09-25_23-22-02_reliability_v11_prospective_capture_shadow_100ep_20260722_accumulated_ep356/measurements/584.json,/mnt/SSD4T/teambruce/projects/navila-isaac/NaVILA-Bench/eval_results/round_trip_phase_prompt_go2_matterport_vision_loco_2024-09-25_23-22-02_reliability_v11_prospective_capture_shadow_100ep_20260722_accumulated_ep356/trajectories/output_584.jsonl
10162,reliability_v11_prospective_capture_shadow_100ep_20260722_accumulated,366,X7HyMhZNoso,139,5,next,689,2689,0.07145360112190247,-2.254295825958252,0.73676227551689,2.331122636795044,-2.980468511581421,27.84100551233286,-60.02882190906105,87.8698274213939,2.4956167902097053,2.3734849736463786,0.12213181656332672,1,1,True,,/mnt/SSD4T/teambruce/projects/navila-isaac/NaVILA-Bench/eval_results/round_trip_phase_prompt_go2_matterport_vision_loco_2024-09-25_23-22-02_reliability_v11_prospective_capture_shadow_100ep_20260722_accumulated_ep366/measurements/600.json,/mnt/SSD4T/teambruce/projects/navila-isaac/NaVILA-Bench/eval_results/round_trip_phase_prompt_go2_matterport_vision_loco_2024-09-25_23-22-02_reliability_v11_prospective_capture_shadow_100ep_20260722_accumulated_ep366/trajectories/output_600.jsonl
10359,reliability_v11_prospective_capture_shadow_100ep_20260722_accumulated,366,X7HyMhZNoso,238,5,current,1184,3184,2.2131495475769043,-2.5998520851135254,-1.1582029362597996,2.331122636795044,-2.980468511581421,-8.02975669876253,-6.418896235841185,1.6108604629213517,0.4065513896302942,0.3984802553161976,0.008071134314096617,0,0,True,,/mnt/SSD4T/teambruce/projects/navila-isaac/NaVILA-Bench/eval_results/round_trip_phase_prompt_go2_matterport_vision_loco_2024-09-25_23-22-02_reliability_v11_prospective_capture_shadow_100ep_20260722_accumulated_ep366/measurements/600.json,/mnt/SSD4T/teambruce/projects/navila-isaac/NaVILA-Bench/eval_results/round_trip_phase_prompt_go2_matterport_vision_loco_2024-09-25_23-22-02_reliability_v11_prospective_capture_shadow_100ep_20260722_accumulated_ep366/trajectories/output_600.jsonl
11189,reliability_v11_prospective_capture_shadow_100ep_20260722_accumulated,385,x8F5xyUWy9e,18,6,next,84,1484,1.5895190238952637,8.080806732177734,-1.9012064249416984,1.3476332426071167,7.359897613525391,-37.3078345640523,0.38301739667694307,37.69085196072925,6.332715006314266,0.76040692299944,5.572308083314826,1,1,True,,/mnt/SSD4T/teambruce/projects/navila-isaac/NaVILA-Bench/eval_results/round_trip_phase_prompt_go2_matterport_vision_loco_2024-09-25_23-22-02_reliability_v11_prospective_capture_shadow_100ep_20260722_accumulated_ep385/measurements/640.json,/mnt/SSD4T/teambruce/projects/navila-isaac/NaVILA-Bench/eval_results/round_trip_phase_prompt_go2_matterport_vision_loco_2024-09-25_23-22-02_reliability_v11_prospective_capture_shadow_100ep_20260722_accumulated_ep385/trajectories/output_640.jsonl
11264,reliability_v11_prospective_capture_shadow_100ep_20260722_accumulated,385,x8F5xyUWy9e,56,8,current,274,1674,1.2327888011932373,6.596412658691406,-1.6967980724440976,1.8186372518539429,8.703516960144043,172.82268908918653,171.6815835283551,1.14110556083142,2.268574673996428,2.1870315371164066,0.08154313688002146,0,0,True,,/mnt/SSD4T/teambruce/projects/navila-isaac/NaVILA-Bench/eval_results/round_trip_phase_prompt_go2_matterport_vision_loco_2024-09-25_23-22-02_reliability_v11_prospective_capture_shadow_100ep_20260722_accumulated_ep385/measurements/640.json,/mnt/SSD4T/teambruce/projects/navila-isaac/NaVILA-Bench/eval_results/round_trip_phase_prompt_go2_matterport_vision_loco_2024-09-25_23-22-02_reliability_v11_prospective_capture_shadow_100ep_20260722_accumulated_ep385/trajectories/output_640.jsonl
11475,reliability_v11_prospective_capture_shadow_100ep_20260722_accumulated,387,QUCTc6BB5sX,44,12,current,214,1789,-6.63231086730957,16.207393646240234,2.096573171957445,-5.96800422668457,14.635271072387695,174.32491135343918,172.78188761125293,1.54302374218625,1.6737869347965284,1.706714006503493,0.03292707170696452,0,0,True,,/mnt/SSD4T/teambruce/projects/navila-isaac/NaVILA-Bench/eval_results/round_trip_phase_prompt_go2_matterport_vision_loco_2024-09-25_23-22-02_reliability_v11_prospective_capture_shadow_100ep_20260722_accumulated_ep387/measurements/645.json,/mnt/SSD4T/teambruce/projects/navila-isaac/NaVILA-Bench/eval_results/round_trip_phase_prompt_go2_matterport_vision_loco_2024-09-25_23-22-02_reliability_v11_prospective_capture_shadow_100ep_20260722_accumulated_ep387/trajectories/output_645.jsonl
12128,reliability_v11_prospective_capture_shadow_100ep_20260722_accumulated,420,zsNo4HB9uLZ,129,14,next,639,3439,12.831672668457031,2.2707290649414062,2.9238811194265395,11.098733901977539,2.3926119804382324,-2.6033002327714385,8.450788714940838,11.054088947712273,0.49131524824826706,1.737219679101486,1.245904430853219,1,1,True,,/mnt/SSD4T/teambruce/projects/navila-isaac/NaVILA-Bench/eval_results/round_trip_phase_prompt_go2_matterport_vision_loco_2024-09-25_23-22-02_reliability_v11_prospective_capture_shadow_100ep_20260722_accumulated_ep420/measurements/711.json,/mnt/SSD4T/teambruce/projects/navila-isaac/NaVILA-Bench/eval_results/round_trip_phase_prompt_go2_matterport_vision_loco_2024-09-25_23-22-02_reliability_v11_prospective_capture_shadow_100ep_20260722_accumulated_ep420/trajectories/output_711.jsonl
12303,reliability_v11_prospective_capture_shadow_100ep_20260722_accumulated,420,zsNo4HB9uLZ,217,12,current,1079,3879,9.446239471435547,2.3003082275390625,-3.032792348714949,9.44792366027832,2.4540927410125732,-76.66359780428033,-96.8612545346641,20.197656730383756,0.21030936964327174,0.15379373549121733,0.056515634152054406,0,0,True,,/mnt/SSD4T/teambruce/projects/navila-isaac/NaVILA-Bench/eval_results/round_trip_phase_prompt_go2_matterport_vision_loco_2024-09-25_23-22-02_reliability_v11_prospective_capture_shadow_100ep_20260722_accumulated_ep420/measurements/711.json,/mnt/SSD4T/teambruce/projects/navila-isaac/NaVILA-Bench/eval_results/round_trip_phase_prompt_go2_matterport_vision_loco_2024-09-25_23-22-02_reliability_v11_prospective_capture_shadow_100ep_20260722_accumulated_ep420/trajectories/output_711.jsonl
12858,reliability_v11_prospective_capture_shadow_100ep_20260722_accumulated,427,2azQ1b91cZZ,22,5,next,104,1429,4.718025207519531,-0.9231570363044739,2.010621132537815,4.553930282592773,0.13661059737205505,-16.71217913700606,-16.398297933585564,0.3138812034204932,1.1387243743889752,1.0723966531909115,0.06632772119806374,0,0,True,,/mnt/SSD4T/teambruce/projects/navila-isaac/NaVILA-Bench/eval_results/round_trip_phase_prompt_go2_matterport_vision_loco_2024-09-25_23-22-02_reliability_v11_prospective_capture_shadow_100ep_20260722_accumulated_ep427/measurements/718.json,/mnt/SSD4T/teambruce/projects/navila-isaac/NaVILA-Bench/eval_results/round_trip_phase_prompt_go2_matterport_vision_loco_2024-09-25_23-22-02_reliability_v11_prospective_capture_shadow_100ep_20260722_accumulated_ep427/trajectories/output_718.jsonl
12906,reliability_v11_prospective_capture_shadow_100ep_20260722_accumulated,427,2azQ1b91cZZ,46,3,next,224,1549,4.570298194885254,-0.20791852474212646,1.784017226417204,4.548284530639648,1.8914896249771118,-173.47767474079433,-11.615896037555226,161.8617787032391,0.47289386039245135,2.099523560363416,1.6266296999709648,1,1,True,,/mnt/SSD4T/teambruce/projects/navila-isaac/NaVILA-Bench/eval_results/round_trip_phase_prompt_go2_matterport_vision_loco_2024-09-25_23-22-02_reliability_v11_prospective_capture_shadow_100ep_20260722_accumulated_ep427/measurements/718.json,/mnt/SSD4T/teambruce/projects/navila-isaac/NaVILA-Bench/eval_results/round_trip_phase_prompt_go2_matterport_vision_loco_2024-09-25_23-22-02_reliability_v11_prospective_capture_shadow_100ep_20260722_accumulated_ep427/trajectories/output_718.jsonl
13045,reliability_v11_prospective_capture_shadow_100ep_20260722_accumulated,428,2azQ1b91cZZ,50,5,current,244,1569,4.577145099639893,-0.04352233558893204,1.767397799371714,4.553930282592773,0.13661059737205505,-4.886764837042556,-3.920860127582606,0.9659047094599487,0.20799029309374611,0.1816226892975068,0.026367603796239314,0,0,True,,/mnt/SSD4T/teambruce/projects/navila-isaac/NaVILA-Bench/eval_results/round_trip_phase_prompt_go2_matterport_vision_loco_2024-09-25_23-22-02_reliability_v11_prospective_capture_shadow_100ep_20260722_accumulated_ep428/measurements/719.json,/mnt/SSD4T/teambruce/projects/navila-isaac/NaVILA-Bench/eval_results/round_trip_phase_prompt_go2_matterport_vision_loco_2024-09-25_23-22-02_reliability_v11_prospective_capture_shadow_100ep_20260722_accumulated_ep428/trajectories/output_719.jsonl
13060,reliability_v11_prospective_capture_shadow_100ep_20260722_accumulated,428,2azQ1b91cZZ,57,2,next,279,1604,4.537064075469971,0.25896018743515015,1.805741652722439,4.489617824554443,2.7660977840423584,22.165950224151757,-12.377212729256104,34.54316295340786,0.14235035525031534,2.5075865040008702,2.365236148750555,1,1,True,,/mnt/SSD4T/teambruce/projects/navila-isaac/NaVILA-Bench/eval_results/round_trip_phase_prompt_go2_matterport_vision_loco_2024-09-25_23-22-02_reliability_v11_prospective_capture_shadow_100ep_20260722_accumulated_ep428/measurements/719.json,/mnt/SSD4T/teambruce/projects/navila-isaac/NaVILA-Bench/eval_results/round_trip_phase_prompt_go2_matterport_vision_loco_2024-09-25_23-22-02_reliability_v11_prospective_capture_shadow_100ep_20260722_accumulated_ep428/trajectories/output_719.jsonl
13143,reliability_v11_prospective_capture_shadow_100ep_20260722_accumulated,448,EU6Fwq7SyZv,33,6,current,159,1759,10.219012260437012,0.3832254409790039,-2.784138141876691,11.634907722473145,0.6893024444580078,172.28974894239272,171.71741547913726,0.5723334632554611,1.3137337060384529,1.4486003905401932,0.13486668450174033,0,0,True,,/mnt/SSD4T/teambruce/projects/navila-isaac/NaVILA-Bench/eval_results/round_trip_phase_prompt_go2_matterport_vision_loco_2024-09-25_23-22-02_reliability_v11_prospective_capture_shadow_100ep_20260722_accumulated_ep448/measurements/754.json,/mnt/SSD4T/teambruce/projects/navila-isaac/NaVILA-Bench/eval_results/round_trip_phase_prompt_go2_matterport_vision_loco_2024-09-25_23-22-02_reliability_v11_prospective_capture_shadow_100ep_20260722_accumulated_ep448/trajectories/output_754.jsonl
13413,reliability_v11_prospective_capture_shadow_100ep_20260722_accumulated,448,EU6Fwq7SyZv,168,6,current,834,2434,9.082098960876465,-0.8754706978797913,-2.434975406524484,11.634907722473145,0.6893024444580078,19.163578931453912,171.0205021511296,151.85692321967568,5.1141297176164935,2.9942190234293955,2.119910694187098,1,1,True,,/mnt/SSD4T/teambruce/projects/navila-isaac/NaVILA-Bench/eval_results/round_trip_phase_prompt_go2_matterport_vision_loco_2024-09-25_23-22-02_reliability_v11_prospective_capture_shadow_100ep_20260722_accumulated_ep448/measurements/754.json,/mnt/SSD4T/teambruce/projects/navila-isaac/NaVILA-Bench/eval_results/round_trip_phase_prompt_go2_matterport_vision_loco_2024-09-25_23-22-02_reliability_v11_prospective_capture_shadow_100ep_20260722_accumulated_ep448/trajectories/output_754.jsonl
14076,reliability_v11_prospective_capture_shadow_100ep_20260722_accumulated,484,zsNo4HB9uLZ,15,2,next,69,1169,3.8225784301757812,2.600015163421631,1.1239509287919816,3.587973117828369,4.4982099533081055,57.77932494658483,32.64803436932679,25.131290577258028,1.5875342085096853,1.9126377369836098,0.32510352847392454,0,0,True,,/mnt/SSD4T/teambruce/projects/navila-isaac/NaVILA-Bench/eval_results/round_trip_phase_prompt_go2_matterport_vision_loco_2024-09-25_23-22-02_reliability_v11_prospective_capture_shadow_100ep_20260722_accumulated_ep484/measurements/826.json,/mnt/SSD4T/teambruce/projects/navila-isaac/NaVILA-Bench/eval_results/round_trip_phase_prompt_go2_matterport_vision_loco_2024-09-25_23-22-02_reliability_v11_prospective_capture_shadow_100ep_20260722_accumulated_ep484/trajectories/output_826.jsonl
14198,reliability_v11_prospective_capture_shadow_100ep_20260722_accumulated,489,X7HyMhZNoso,19,11,current,89,2114,-0.5835913419723511,-3.960923194885254,1.6939403341984025,-0.4710828363895416,-4.553035259246826,-175.7508251789597,-176.29699112865998,0.5461659497002813,0.624873810359292,0.6027062805305747,0.02216752982871728,0,0,True,,/mnt/SSD4T/teambruce/projects/navila-isaac/NaVILA-Bench/eval_results/round_trip_phase_prompt_go2_matterport_vision_loco_2024-09-25_23-22-02_reliability_v11_prospective_capture_shadow_100ep_20260722_accumulated_ep489/measurements/852.json,/mnt/SSD4T/teambruce/projects/navila-isaac/NaVILA-Bench/eval_results/round_trip_phase_prompt_go2_matterport_vision_loco_2024-09-25_23-22-02_reliability_v11_prospective_capture_shadow_100ep_20260722_accumulated_ep489/trajectories/output_852.jsonl
14287,reliability_v11_prospective_capture_shadow_100ep_20260722_accumulated,489,X7HyMhZNoso,63,10,next,309,2334,-0.32279151678085327,-2.7586827278137207,1.2074039340050111,-0.5426843762397766,-3.7505133152008057,-50.29474250245282,-171.67966231720007,121.38491981474726,2.768380812863808,1.0159137678551422,1.7524670450086657,1,1,True,,/mnt/SSD4T/teambruce/projects/navila-isaac/NaVILA-Bench/eval_results/round_trip_phase_prompt_go2_matterport_vision_loco_2024-09-25_23-22-02_reliability_v11_prospective_capture_shadow_100ep_20260722_accumulated_ep489/measurements/852.json,/mnt/SSD4T/teambruce/projects/navila-isaac/NaVILA-Bench/eval_results/round_trip_phase_prompt_go2_matterport_vision_loco_2024-09-25_23-22-02_reliability_v11_prospective_capture_shadow_100ep_20260722_accumulated_ep489/trajectories/output_852.jsonl
14746,reliability_v11_prospective_capture_shadow_100ep_20260722_accumulated,490,X7HyMhZNoso,14,11,next,64,2189,-0.8793517351150513,-4.695901393890381,-3.0235352093207193,-0.9646441340446472,-4.650976181030273,-47.80468536857691,-34.540866929212825,13.263818439364087,0.10474114514752919,0.09640056050506814,0.008340584642461055,0,0,True,,/mnt/SSD4T/teambruce/projects/navila-isaac/NaVILA-Bench/eval_results/round_trip_phase_prompt_go2_matterport_vision_loco_2024-09-25_23-22-02_reliability_v11_prospective_capture_shadow_100ep_20260722_accumulated_ep490/measurements/853.json,/mnt/SSD4T/teambruce/projects/navila-isaac/NaVILA-Bench/eval_results/round_trip_phase_prompt_go2_matterport_vision_loco_2024-09-25_23-22-02_reliability_v11_prospective_capture_shadow_100ep_20260722_accumulated_ep490/trajectories/output_853.jsonl
14918,reliability_v11_prospective_capture_shadow_100ep_20260722_accumulated,490,X7HyMhZNoso,100,9,next,494,2619,-3.148610830307007,-5.773662567138672,-2.87889762219751,-0.48141753673553467,-3.138777017593384,-97.33740171066182,-150.40043899366628,53.06303728300446,0.1748910517956586,3.749205505767217,3.5743144539715583,1,1,True,,/mnt/SSD4T/teambruce/projects/navila-isaac/NaVILA-Bench/eval_results/round_trip_phase_prompt_go2_matterport_vision_loco_2024-09-25_23-22-02_reliability_v11_prospective_capture_shadow_100ep_20260722_accumulated_ep490/measurements/853.json,/mnt/SSD4T/teambruce/projects/navila-isaac/NaVILA-Bench/eval_results/round_trip_phase_prompt_go2_matterport_vision_loco_2024-09-25_23-22-02_reliability_v11_prospective_capture_shadow_100ep_20260722_accumulated_ep490/trajectories/output_853.jsonl
15337,reliability_v11_prospective_capture_shadow_100ep_20260722_accumulated,539,TbHJrupSAjP,174,5,current,864,2539,4.1365156173706055,2.329075813293457,-2.8553538138280645,4.335400581359863,2.4401307106018066,-168.44581292792506,-167.2218281951377,1.2239847327873576,0.18580082014422067,0.22779029636307263,0.04198947621885196,0,0,True,,/mnt/SSD4T/teambruce/projects/navila-isaac/NaVILA-Bench/eval_results/round_trip_phase_prompt_go2_matterport_vision_loco_2024-09-25_23-22-02_reliability_v11_prospective_capture_shadow_100ep_20260722_accumulated_ep539/measurements/929.json,/mnt/SSD4T/teambruce/projects/navila-isaac/NaVILA-Bench/eval_results/round_trip_phase_prompt_go2_matterport_vision_loco_2024-09-25_23-22-02_reliability_v11_prospective_capture_shadow_100ep_20260722_accumulated_ep539/trajectories/output_929.jsonl
15434,reliability_v11_prospective_capture_shadow_100ep_20260722_accumulated,539,TbHJrupSAjP,222,1,next,1104,2779,3.1230812072753906,2.3151626586914062,2.710139677186331,2.2666702270507812,4.172464370727539,-18.605644027313456,-40.52490555691247,21.919261529599027,0.7029563627680354,2.0452406744883658,1.3422843117203302,1,1,True,,/mnt/SSD4T/teambruce/projects/navila-isaac/NaVILA-Bench/eval_results/round_trip_phase_prompt_go2_matterport_vision_loco_2024-09-25_23-22-02_reliability_v11_prospective_capture_shadow_100ep_20260722_accumulated_ep539/measurements/929.json,/mnt/SSD4T/teambruce/projects/navila-isaac/NaVILA-Bench/eval_results/round_trip_phase_prompt_go2_matterport_vision_loco_2024-09-25_23-22-02_reliability_v11_prospective_capture_shadow_100ep_20260722_accumulated_ep539/trajectories/output_929.jsonl
15659,reliability_v11_prospective_capture_shadow_100ep_20260722_accumulated,579,2azQ1b91cZZ,89,9,current,439,2589,13.1412935256958,-1.528090000152588,0.7767931222260289,16.14952278137207,-0.1305752992630005,-152.76322196484355,-19.589087913773376,133.17413405107018,1.255424134323377,3.3170002402636505,2.0615761059402735,1,1,True,,/mnt/SSD4T/teambruce/projects/navila-isaac/NaVILA-Bench/eval_results/round_trip_phase_prompt_go2_matterport_vision_loco_2024-09-25_23-22-02_reliability_v11_prospective_capture_shadow_100ep_20260722_accumulated_ep579/measurements/1005.json,/mnt/SSD4T/teambruce/projects/navila-isaac/NaVILA-Bench/eval_results/round_trip_phase_prompt_go2_matterport_vision_loco_2024-09-25_23-22-02_reliability_v11_prospective_capture_shadow_100ep_20260722_accumulated_ep579/trajectories/output_1005.jsonl
16403,reliability_v11_prospective_capture_shadow_100ep_20260722_accumulated,581,2azQ1b91cZZ,196,10,current,974,3324,13.446012496948242,-1.3984023332595825,0.6477064515947492,15.313384056091309,-0.48566168546676636,-168.32508731503967,-11.062218465180162,157.2628688498595,1.1822844363018379,2.0785023526639694,0.8962179163621316,1,1,True,,/mnt/SSD4T/teambruce/projects/navila-isaac/NaVILA-Bench/eval_results/round_trip_phase_prompt_go2_matterport_vision_loco_2024-09-25_23-22-02_reliability_v11_prospective_capture_shadow_100ep_20260722_accumulated_ep581/measurements/1007.json,/mnt/SSD4T/teambruce/projects/navila-isaac/NaVILA-Bench/eval_results/round_trip_phase_prompt_go2_matterport_vision_loco_2024-09-25_23-22-02_reliability_v11_prospective_capture_shadow_100ep_20260722_accumulated_ep581/trajectories/output_1007.jsonl
16527,reliability_v11_prospective_capture_shadow_100ep_20260722_accumulated,613,zsNo4HB9uLZ,8,10,next,34,2209,12.387053489685059,4.310789108276367,-0.6496057158250608,12.476543426513672,4.183806419372559,-27.130982089752077,-17.60640251084838,9.524579578903683,0.12486371137666964,0.15534816405362065,0.030484452676951004,0,0,True,,/mnt/SSD4T/teambruce/projects/navila-isaac/NaVILA-Bench/eval_results/round_trip_phase_prompt_go2_matterport_vision_loco_2024-09-25_23-22-02_reliability_v11_prospective_capture_shadow_100ep_20260722_accumulated_ep613/measurements/1069.json,/mnt/SSD4T/teambruce/projects/navila-isaac/NaVILA-Bench/eval_results/round_trip_phase_prompt_go2_matterport_vision_loco_2024-09-25_23-22-02_reliability_v11_prospective_capture_shadow_100ep_20260722_accumulated_ep613/trajectories/output_1069.jsonl
17744,reliability_v11_prospective_capture_shadow_100ep_20260722_accumulated,613,zsNo4HB9uLZ,617,10,current,3079,5254,13.73082447052002,6.622632026672363,-2.371429980794716,12.476543426513672,4.183806419372559,155.9323044659448,18.656299869352946,137.27600459659186,3.399215384330192,2.7424608074090893,0.6567545769211027,1,1,True,,/mnt/SSD4T/teambruce/projects/navila-isaac/NaVILA-Bench/eval_results/round_trip_phase_prompt_go2_matterport_vision_loco_2024-09-25_23-22-02_reliability_v11_prospective_capture_shadow_100ep_20260722_accumulated_ep613/measurements/1069.json,/mnt/SSD4T/teambruce/projects/navila-isaac/NaVILA-Bench/eval_results/round_trip_phase_prompt_go2_matterport_vision_loco_2024-09-25_23-22-02_reliability_v11_prospective_capture_shadow_100ep_20260722_accumulated_ep613/trajectories/output_1069.jsonl
18551,reliability_v11_prospective_capture_shadow_100ep_20260722_accumulated,645,x8F5xyUWy9e,19,7,next,89,1314,0.46160346269607544,-0.14481116831302643,-1.5229076493418026,0.39544153213500977,-0.16509859263896942,-39.162090395683414,-75.69655677687425,36.53446638119084,0.07993269317492148,0.06920246123764776,0.010730231937273724,1,1,True,,/mnt/SSD4T/teambruce/projects/navila-isaac/NaVILA-Bench/eval_results/round_trip_phase_prompt_go2_matterport_vision_loco_2024-09-25_23-22-02_reliability_v11_prospective_capture_shadow_100ep_20260722_accumulated_ep645/measurements/1116.json,/mnt/SSD4T/teambruce/projects/navila-isaac/NaVILA-Bench/eval_results/round_trip_phase_prompt_go2_matterport_vision_loco_2024-09-25_23-22-02_reliability_v11_prospective_capture_shadow_100ep_20260722_accumulated_ep645/trajectories/output_1116.jsonl
19568,reliability_v11_prospective_capture_shadow_100ep_20260722_accumulated,646,x8F5xyUWy9e,377,9,current,1879,3229,0.3414725065231323,0.17499180138111115,1.4332161281134193,0.8149484992027283,1.0374655723571777,-19.392764696957858,-20.882892831413013,1.4901281344551478,0.9950018895198448,0.9838905026808651,0.01111138683897972,0,0,True,,/mnt/SSD4T/teambruce/projects/navila-isaac/NaVILA-Bench/eval_results/round_trip_phase_prompt_go2_matterport_vision_loco_2024-09-25_23-22-02_reliability_v11_prospective_capture_shadow_100ep_20260722_accumulated_ep646/measurements/1117.json,/mnt/SSD4T/teambruce/projects/navila-isaac/NaVILA-Bench/eval_results/round_trip_phase_prompt_go2_matterport_vision_loco_2024-09-25_23-22-02_reliability_v11_prospective_capture_shadow_100ep_20260722_accumulated_ep646/trajectories/output_1117.jsonl
19744,reliability_v11_prospective_capture_shadow_100ep_20260722_accumulated,646,x8F5xyUWy9e,465,9,current,2319,3669,0.92081218957901,3.2500476837158203,1.5601690180280208,0.8149484992027283,1.0374655723571777,-75.9139854165584,177.86960251813488,106.21641206530671,1.7481238852317436,2.215113252284034,0.46698936705229066,1,1,True,,/mnt/SSD4T/teambruce/projects/navila-isaac/NaVILA-Bench/eval_results/round_trip_phase_prompt_go2_matterport_vision_loco_2024-09-25_23-22-02_reliability_v11_prospective_capture_shadow_100ep_20260722_accumulated_ep646/measurements/1117.json,/mnt/SSD4T/teambruce/projects/navila-isaac/NaVILA-Bench/eval_results/round_trip_phase_prompt_go2_matterport_vision_loco_2024-09-25_23-22-02_reliability_v11_prospective_capture_shadow_100ep_20260722_accumulated_ep646/trajectories/output_1117.jsonl
19840,reliability_v11_prospective_capture_shadow_100ep_20260722_accumulated,654,zsNo4HB9uLZ,42,4,current,204,1629,3.702802896499634,4.594751834869385,-0.599411922245894,3.4037423133850098,4.129100322723389,-93.41756897022802,-88.36647449770874,5.0510944725192815,0.5943743679327883,0.5534153622160409,0.040959005716747376,0,0,True,,/mnt/SSD4T/teambruce/projects/navila-isaac/NaVILA-Bench/eval_results/round_trip_phase_prompt_go2_matterport_vision_loco_2024-09-25_23-22-02_reliability_v11_prospective_capture_shadow_100ep_20260722_accumulated_ep654/measurements/1134.json,/mnt/SSD4T/teambruce/projects/navila-isaac/NaVILA-Bench/eval_results/round_trip_phase_prompt_go2_matterport_vision_loco_2024-09-25_23-22-02_reliability_v11_prospective_capture_shadow_100ep_20260722_accumulated_ep654/trajectories/output_1134.jsonl
20065,reliability_v11_prospective_capture_shadow_100ep_20260722_accumulated,658,QUCTc6BB5sX,51,6,next,249,1699,2.3809752464294434,-12.700420379638672,-1.5327635469148124,0.46180427074432373,-12.691732406616211,-98.85688308677739,-92.43849058940937,6.418392497368018,2.4831744668495226,1.9191906405533068,0.5639838262962158,1,1,True,,/mnt/SSD4T/teambruce/projects/navila-isaac/NaVILA-Bench/eval_results/round_trip_phase_prompt_go2_matterport_vision_loco_2024-09-25_23-22-02_reliability_v11_prospective_capture_shadow_100ep_20260722_accumulated_ep658/measurements/1138.json,/mnt/SSD4T/teambruce/projects/navila-isaac/NaVILA-Bench/eval_results/round_trip_phase_prompt_go2_matterport_vision_loco_2024-09-25_23-22-02_reliability_v11_prospective_capture_shadow_100ep_20260722_accumulated_ep658/trajectories/output_1138.jsonl
20175,reliability_v11_prospective_capture_shadow_100ep_20260722_accumulated,658,QUCTc6BB5sX,106,6,next,524,1974,2.248277425765991,-13.788542747497559,-2.4061934674109673,0.46180427074432373,-12.691732406616211,-73.12451054141692,-73.68323400717733,0.5587234657604085,2.275707371938126,2.096301327929105,0.1794060440090206,0,0,True,,/mnt/SSD4T/teambruce/projects/navila-isaac/NaVILA-Bench/eval_results/round_trip_phase_prompt_go2_matterport_vision_loco_2024-09-25_23-22-02_reliability_v11_prospective_capture_shadow_100ep_20260722_accumulated_ep658/measurements/1138.json,/mnt/SSD4T/teambruce/projects/navila-isaac/NaVILA-Bench/eval_results/round_trip_phase_prompt_go2_matterport_vision_loco_2024-09-25_23-22-02_reliability_v11_prospective_capture_shadow_100ep_20260722_accumulated_ep658/trajectories/output_1138.jsonl
20504,reliability_v11_prospective_capture_shadow_100ep_20260722_accumulated,671,X7HyMhZNoso,25,9,current,119,1644,-0.6236087679862976,-4.128614902496338,2.141570689815867,-0.4950120747089386,-4.721663475036621,160.86172548848344,159.5316500010282,1.3300754874552467,0.5914976520363737,0.6068308816416141,0.015333229605240417,0,0,True,,/mnt/SSD4T/teambruce/projects/navila-isaac/NaVILA-Bench/eval_results/round_trip_phase_prompt_go2_matterport_vision_loco_2024-09-25_23-22-02_reliability_v11_prospective_capture_shadow_100ep_20260722_accumulated_ep671/measurements/1154.json,/mnt/SSD4T/teambruce/projects/navila-isaac/NaVILA-Bench/eval_results/round_trip_phase_prompt_go2_matterport_vision_loco_2024-09-25_23-22-02_reliability_v11_prospective_capture_shadow_100ep_20260722_accumulated_ep671/trajectories/output_1154.jsonl
20622,reliability_v11_prospective_capture_shadow_100ep_20260722_accumulated,671,X7HyMhZNoso,84,7,current,414,1939,-0.6174843311309814,-3.5130581855773926,1.4162903351070464,-0.4478132426738739,-3.335176706314087,-19.80685078434887,-34.79418646933236,14.987335684983492,1.5305769646772038,0.24582534231262948,1.2847516223645743,1,1,True,,/mnt/SSD4T/teambruce/projects/navila-isaac/NaVILA-Bench/eval_results/round_trip_phase_prompt_go2_matterport_vision_loco_2024-09-25_23-22-02_reliability_v11_prospective_capture_shadow_100ep_20260722_accumulated_ep671/measurements/1154.json,/mnt/SSD4T/teambruce/projects/navila-isaac/NaVILA-Bench/eval_results/round_trip_phase_prompt_go2_matterport_vision_loco_2024-09-25_23-22-02_reliability_v11_prospective_capture_shadow_100ep_20260722_accumulated_ep671/trajectories/output_1154.jsonl
21105,reliability_v11_prospective_capture_shadow_100ep_20260722_accumulated,672,QUCTc6BB5sX,44,16,next,214,2989,0.24662697315216064,16.940147399902344,-3.13703164234603,-0.4250353276729584,16.933198928833008,-0.902861964197686,0.3313876265702156,1.234249590767888,0.6777262489989566,0.671698241474469,0.006028007524487622,0,0,True,,/mnt/SSD4T/teambruce/projects/navila-isaac/NaVILA-Bench/eval_results/round_trip_phase_prompt_go2_matterport_vision_loco_2024-09-25_23-22-02_reliability_v11_prospective_capture_shadow_100ep_20260722_accumulated_ep672/measurements/1155.json,/mnt/SSD4T/teambruce/projects/navila-isaac/NaVILA-Bench/eval_results/round_trip_phase_prompt_go2_matterport_vision_loco_2024-09-25_23-22-02_reliability_v11_prospective_capture_shadow_100ep_20260722_accumulated_ep672/trajectories/output_1155.jsonl
21190,reliability_v11_prospective_capture_shadow_100ep_20260722_accumulated,672,QUCTc6BB5sX,87,16,current,429,3204,-1.5287071466445923,16.76824951171875,-2.955499546863586,-0.4250353276729584,16.933198928833008,-156.03873853107316,177.83788187222513,26.12337959670174,0.3956184000727328,1.1159300131273864,0.7203116130546536,1,1,True,,/mnt/SSD4T/teambruce/projects/navila-isaac/NaVILA-Bench/eval_results/round_trip_phase_prompt_go2_matterport_vision_loco_2024-09-25_23-22-02_reliability_v11_prospective_capture_shadow_100ep_20260722_accumulated_ep672/measurements/1155.json,/mnt/SSD4T/teambruce/projects/navila-isaac/NaVILA-Bench/eval_results/round_trip_phase_prompt_go2_matterport_vision_loco_2024-09-25_23-22-02_reliability_v11_prospective_capture_shadow_100ep_20260722_accumulated_ep672/trajectories/output_1155.jsonl
22348,reliability_v11_prospective_capture_shadow_100ep_20260722_accumulated,681,X7HyMhZNoso,45,6,current,219,1619,-4.385875701904297,-5.932385444641113,-0.017569585682297266,-5.075933456420898,-6.339940547943115,-150.71732715277287,-148.42680755295345,2.2905195998194188,0.8037736684427513,0.8014242738999112,0.002349394542840111,0,0,True,,/mnt/SSD4T/teambruce/projects/navila-isaac/NaVILA-Bench/eval_results/round_trip_phase_prompt_go2_matterport_vision_loco_2024-09-25_23-22-02_reliability_v11_prospective_capture_shadow_100ep_20260722_accumulated_ep681/measurements/1167.json,/mnt/SSD4T/teambruce/projects/navila-isaac/NaVILA-Bench/eval_results/round_trip_phase_prompt_go2_matterport_vision_loco_2024-09-25_23-22-02_reliability_v11_prospective_capture_shadow_100ep_20260722_accumulated_ep681/trajectories/output_1167.jsonl
22419,reliability_v11_prospective_capture_shadow_100ep_20260722_accumulated,681,X7HyMhZNoso,80,1,next,394,1794,-2.959160327911377,-5.764309406280518,0.14518967475819897,-1.3905093669891357,-4.739420413970947,-122.07908366141139,24.840116235680355,146.91919989709174,0.7341617066099144,1.8737831474745408,1.1396214408646264,1,1,True,,/mnt/SSD4T/teambruce/projects/navila-isaac/NaVILA-Bench/eval_results/round_trip_phase_prompt_go2_matterport_vision_loco_2024-09-25_23-22-02_reliability_v11_prospective_capture_shadow_100ep_20260722_accumulated_ep681/measurements/1167.json,/mnt/SSD4T/teambruce/projects/navila-isaac/NaVILA-Bench/eval_results/round_trip_phase_prompt_go2_matterport_vision_loco_2024-09-25_23-22-02_reliability_v11_prospective_capture_shadow_100ep_20260722_accumulated_ep681/trajectories/output_1167.jsonl
22479,reliability_v11_prospective_capture_shadow_100ep_20260722_accumulated,682,X7HyMhZNoso,23,5,current,109,1259,-3.4418811798095703,-5.724232196807861,-0.003023585097964241,-4.043214797973633,-5.827686309814453,-166.90674614287974,-170.06509142197564,3.1583452790958972,0.6401074112139441,0.6101679062620904,0.029939504951853713,0,0,True,,/mnt/SSD4T/teambruce/projects/navila-isaac/NaVILA-Bench/eval_results/round_trip_phase_prompt_go2_matterport_vision_loco_2024-09-25_23-22-02_reliability_v11_prospective_capture_shadow_100ep_20260722_accumulated_ep682/measurements/1168.json,/mnt/SSD4T/teambruce/projects/navila-isaac/NaVILA-Bench/eval_results/round_trip_phase_prompt_go2_matterport_vision_loco_2024-09-25_23-22-02_reliability_v11_prospective_capture_shadow_100ep_20260722_accumulated_ep682/trajectories/output_1168.jsonl
22503,reliability_v11_prospective_capture_shadow_100ep_20260722_accumulated,682,X7HyMhZNoso,35,4,current,169,1319,-2.942352294921875,-5.722046852111816,0.04078585235575434,-3.354710578918457,-5.784387111663818,34.53892853628666,-173.7399907178553,151.72108074585805,0.7603208072611819,0.4170439573253841,0.3432768499357978,1,1,True,,/mnt/SSD4T/teambruce/projects/navila-isaac/NaVILA-Bench/eval_results/round_trip_phase_prompt_go2_matterport_vision_loco_2024-09-25_23-22-02_reliability_v11_prospective_capture_shadow_100ep_20260722_accumulated_ep682/measurements/1168.json,/mnt/SSD4T/teambruce/projects/navila-isaac/NaVILA-Bench/eval_results/round_trip_phase_prompt_go2_matterport_vision_loco_2024-09-25_23-22-02_reliability_v11_prospective_capture_shadow_100ep_20260722_accumulated_ep682/trajectories/output_1168.jsonl
22517,reliability_v11_prospective_capture_shadow_100ep_20260722_accumulated,687,X7HyMhZNoso,1,6,current,0,1350,2.393458604812622,-2.659270763397217,-1.3492112562492622,2.393571376800537,-2.6591663360595703,-100.86451333634469,120.10392789606799,139.03155876758734,0.018328368864556945,0.00015369642190448865,0.018174672442652456,1,1,True,,/mnt/SSD4T/teambruce/projects/navila-isaac/NaVILA-Bench/eval_results/round_trip_phase_prompt_go2_matterport_vision_loco_2024-09-25_23-22-02_reliability_v11_prospective_capture_shadow_100ep_20260722_accumulated_ep687/measurements/1176.json,/mnt/SSD4T/teambruce/projects/navila-isaac/NaVILA-Bench/eval_results/round_trip_phase_prompt_go2_matterport_vision_loco_2024-09-25_23-22-02_reliability_v11_prospective_capture_shadow_100ep_20260722_accumulated_ep687/trajectories/output_1176.jsonl
22599,reliability_v11_prospective_capture_shadow_100ep_20260722_accumulated,687,X7HyMhZNoso,42,4,current,204,1554,2.699260950088501,-3.5808677673339844,-1.53024479617796,2.5603597164154053,-4.173266887664795,-18.384283273260866,-15.519331273262244,2.864951999998624,0.6731776113096487,0.6084655047614664,0.06471210654818227,0,0,True,,/mnt/SSD4T/teambruce/projects/navila-isaac/NaVILA-Bench/eval_results/round_trip_phase_prompt_go2_matterport_vision_loco_2024-09-25_23-22-02_reliability_v11_prospective_capture_shadow_100ep_20260722_accumulated_ep687/measurements/1176.json,/mnt/SSD4T/teambruce/projects/navila-isaac/NaVILA-Bench/eval_results/round_trip_phase_prompt_go2_matterport_vision_loco_2024-09-25_23-22-02_reliability_v11_prospective_capture_shadow_100ep_20260722_accumulated_ep687/trajectories/output_1176.jsonl
22852,reliability_v11_prospective_capture_shadow_100ep_20260722_accumulated,688,X7HyMhZNoso,88,5,next,434,1684,2.562185525894165,-2.914621591567993,-0.6380962972047595,2.5516464710235596,-3.4377808570861816,-58.59350353153688,-54.59384388280262,3.99965964873428,0.5808011166406949,0.5232654094960759,0.057535707144618975,0,0,True,,/mnt/SSD4T/teambruce/projects/navila-isaac/NaVILA-Bench/eval_results/round_trip_phase_prompt_go2_matterport_vision_loco_2024-09-25_23-22-02_reliability_v11_prospective_capture_shadow_100ep_20260722_accumulated_ep688/measurements/1177.json,/mnt/SSD4T/teambruce/projects/navila-isaac/NaVILA-Bench/eval_results/round_trip_phase_prompt_go2_matterport_vision_loco_2024-09-25_23-22-02_reliability_v11_prospective_capture_shadow_100ep_20260722_accumulated_ep688/trajectories/output_1177.jsonl
23806,reliability_v11_prospective_capture_shadow_100ep_20260722_accumulated,689,X7HyMhZNoso,42,5,next,204,1454,2.5923590660095215,-3.3609089851379395,-1.5671090624507606,2.5856821537017822,-3.5791003704071045,5.74631878176018,-1.9640357603763028,7.710354542136486,0.19934500987909706,0.2182935220377427,0.018948512158645625,0,0,True,,/mnt/SSD4T/teambruce/projects/navila-isaac/NaVILA-Bench/eval_results/round_trip_phase_prompt_go2_matterport_vision_loco_2024-09-25_23-22-02_reliability_v11_prospective_capture_shadow_100ep_20260722_accumulated_ep689/measurements/1178.json,/mnt/SSD4T/teambruce/projects/navila-isaac/NaVILA-Bench/eval_results/round_trip_phase_prompt_go2_matterport_vision_loco_2024-09-25_23-22-02_reliability_v11_prospective_capture_shadow_100ep_20260722_accumulated_ep689/trajectories/output_1178.jsonl
24524,reliability_v11_prospective_capture_shadow_100ep_20260722_accumulated,691,QUCTc6BB5sX,270,4,next,1344,3894,7.4318437576293945,11.836740493774414,-0.3016522263881739,7.936437129974365,11.102570533752441,12.930017363568346,-38.21594655820931,51.14596392177765,1.9233133945099623,0.8908535242188443,1.032459870291118,1,1,True,,/mnt/SSD4T/teambruce/projects/navila-isaac/NaVILA-Bench/eval_results/round_trip_phase_prompt_go2_matterport_vision_loco_2024-09-25_23-22-02_reliability_v11_prospective_capture_shadow_100ep_20260722_accumulated_ep691/measurements/1180.json,/mnt/SSD4T/teambruce/projects/navila-isaac/NaVILA-Bench/eval_results/round_trip_phase_prompt_go2_matterport_vision_loco_2024-09-25_23-22-02_reliability_v11_prospective_capture_shadow_100ep_20260722_accumulated_ep691/trajectories/output_1180.jsonl
24555,reliability_v11_prospective_capture_shadow_100ep_20260722_accumulated,691,QUCTc6BB5sX,286,5,current,1424,3974,8.039751052856445,11.669336318969727,-0.22314658607154192,7.26772403717041,11.610685348510742,-162.04542308422202,-162.8702212955713,0.8247982113492753,0.7111367120853442,0.7742516705082827,0.06311495842293846,0,0,True,,/mnt/SSD4T/teambruce/projects/navila-isaac/NaVILA-Bench/eval_results/round_trip_phase_prompt_go2_matterport_vision_loco_2024-09-25_23-22-02_reliability_v11_prospective_capture_shadow_100ep_20260722_accumulated_ep691/measurements/1180.json,/mnt/SSD4T/teambruce/projects/navila-isaac/NaVILA-Bench/eval_results/round_trip_phase_prompt_go2_matterport_vision_loco_2024-09-25_23-22-02_reliability_v11_prospective_capture_shadow_100ep_20260722_accumulated_ep691/trajectories/output_1180.jsonl
24726,reliability_v11_prospective_capture_shadow_100ep_20260722_accumulated,698,2azQ1b91cZZ,8,13,next,34,2184,4.067665100097656,-6.910848617553711,-0.3398142844702514,4.40226936340332,-7.054820537567139,-6.408413569324688,-3.8110869790271,2.597326590297598,0.3628575802332355,0.36426354027637603,0.0014059600431405306,0,0,True,,/mnt/SSD4T/teambruce/projects/navila-isaac/NaVILA-Bench/eval_results/round_trip_phase_prompt_go2_matterport_vision_loco_2024-09-25_23-22-02_reliability_v11_prospective_capture_shadow_100ep_20260722_accumulated_ep698/measurements/1190.json,/mnt/SSD4T/teambruce/projects/navila-isaac/NaVILA-Bench/eval_results/round_trip_phase_prompt_go2_matterport_vision_loco_2024-09-25_23-22-02_reliability_v11_prospective_capture_shadow_100ep_20260722_accumulated_ep698/trajectories/output_1190.jsonl
25453,reliability_v11_prospective_capture_shadow_100ep_20260722_accumulated,698,2azQ1b91cZZ,372,13,current,1854,4004,13.387965202331543,-1.792301893234253,1.0627894810345913,4.40226936340332,-7.054820537567139,169.28426130802822,149.46223895580195,19.82202235222627,1.0527963348912013,10.413300734718229,9.360504399827027,1,1,True,,/mnt/SSD4T/teambruce/projects/navila-isaac/NaVILA-Bench/eval_results/round_trip_phase_prompt_go2_matterport_vision_loco_2024-09-25_23-22-02_reliability_v11_prospective_capture_shadow_100ep_20260722_accumulated_ep698/measurements/1190.json,/mnt/SSD4T/teambruce/projects/navila-isaac/NaVILA-Bench/eval_results/round_trip_phase_prompt_go2_matterport_vision_loco_2024-09-25_23-22-02_reliability_v11_prospective_capture_shadow_100ep_20260722_accumulated_ep698/trajectories/output_1190.jsonl
25588,reliability_v11_prospective_capture_shadow_100ep_20260722_accumulated,715,QUCTc6BB5sX,22,12,next,104,2204,-2.2047178745269775,16.587207794189453,-0.7592176228349863,-2.157972812652588,15.886746406555176,-43.13138619682772,-42.682080409951936,0.44930578687578304,0.7338868271277503,0.702019413104921,0.03186741402282933,0,0,True,,/mnt/SSD4T/teambruce/projects/navila-isaac/NaVILA-Bench/eval_results/round_trip_phase_prompt_go2_matterport_vision_loco_2024-09-25_23-22-02_reliability_v11_prospective_capture_shadow_100ep_20260722_accumulated_ep715/measurements/1207.json,/mnt/SSD4T/teambruce/projects/navila-isaac/NaVILA-Bench/eval_results/round_trip_phase_prompt_go2_matterport_vision_loco_2024-09-25_23-22-02_reliability_v11_prospective_capture_shadow_100ep_20260722_accumulated_ep715/trajectories/output_1207.jsonl
26379,reliability_v11_prospective_capture_shadow_100ep_20260722_accumulated,715,QUCTc6BB5sX,418,12,current,2084,4184,-0.4191039800643921,20.58324432373047,2.175805758830021,-2.157972812652588,15.886746406555176,-15.704154718753465,125.01854332196312,140.72269804071658,3.351078467778043,5.008069239035988,1.656990771257945,1,1,True,,/mnt/SSD4T/teambruce/projects/navila-isaac/NaVILA-Bench/eval_results/round_trip_phase_prompt_go2_matterport_vision_loco_2024-09-25_23-22-02_reliability_v11_prospective_capture_shadow_100ep_20260722_accumulated_ep715/measurements/1207.json,/mnt/SSD4T/teambruce/projects/navila-isaac/NaVILA-Bench/eval_results/round_trip_phase_prompt_go2_matterport_vision_loco_2024-09-25_23-22-02_reliability_v11_prospective_capture_shadow_100ep_20260722_accumulated_ep715/trajectories/output_1207.jsonl
26839,reliability_v11_prospective_capture_shadow_100ep_20260722_accumulated,764,EU6Fwq7SyZv,200,12,current,994,2669,2.230970859527588,-7.917659759521484,-2.983058018026304,2.5173206329345703,-7.9533467292785645,4.187772242791617,163.81265048651917,159.62487824372755,0.8345050578433254,0.28856498841798695,0.5459400694253385,1,1,True,,/mnt/SSD4T/teambruce/projects/navila-isaac/NaVILA-Bench/eval_results/round_trip_phase_prompt_go2_matterport_vision_loco_2024-09-25_23-22-02_reliability_v11_prospective_capture_shadow_100ep_20260722_accumulated_ep764/measurements/1304.json,/mnt/SSD4T/teambruce/projects/navila-isaac/NaVILA-Bench/eval_results/round_trip_phase_prompt_go2_matterport_vision_loco_2024-09-25_23-22-02_reliability_v11_prospective_capture_shadow_100ep_20260722_accumulated_ep764/trajectories/output_1304.jsonl
26845,reliability_v11_prospective_capture_shadow_100ep_20260722_accumulated,764,EU6Fwq7SyZv,203,12,current,1009,2684,2.230348825454712,-7.914517402648926,-3.0523411044016693,2.5173206329345703,-7.9533467292785645,166.14792515618572,167.1805345541849,1.032609397999181,0.26541520047174655,0.28958683480912606,0.02417163433737951,0,0,True,,/mnt/SSD4T/teambruce/projects/navila-isaac/NaVILA-Bench/eval_results/round_trip_phase_prompt_go2_matterport_vision_loco_2024-09-25_23-22-02_reliability_v11_prospective_capture_shadow_100ep_20260722_accumulated_ep764/measurements/1304.json,/mnt/SSD4T/teambruce/projects/navila-isaac/NaVILA-Bench/eval_results/round_trip_phase_prompt_go2_matterport_vision_loco_2024-09-25_23-22-02_reliability_v11_prospective_capture_shadow_100ep_20260722_accumulated_ep764/trajectories/output_1304.jsonl
27274,reliability_v11_prospective_capture_shadow_100ep_20260722_accumulated,784,X7HyMhZNoso,21,8,next,99,1624,2.5759329795837402,-5.763729572296143,1.8896618837038273,2.6403579711914062,-5.897976398468018,-151.26093737633087,-172.63332258794148,21.372385211610606,0.13289267002629096,0.14890530507966954,0.016012635053378577,0,0,True,,/mnt/SSD4T/teambruce/projects/navila-isaac/NaVILA-Bench/eval_results/round_trip_phase_prompt_go2_matterport_vision_loco_2024-09-25_23-22-02_reliability_v11_prospective_capture_shadow_100ep_20260722_accumulated_ep784/measurements/1336.json,/mnt/SSD4T/teambruce/projects/navila-isaac/NaVILA-Bench/eval_results/round_trip_phase_prompt_go2_matterport_vision_loco_2024-09-25_23-22-02_reliability_v11_prospective_capture_shadow_100ep_20260722_accumulated_ep784/trajectories/output_1336.jsonl
27384,reliability_v11_prospective_capture_shadow_100ep_20260722_accumulated,784,X7HyMhZNoso,76,1,next,374,1899,2.5323777198791504,-3.810929536819458,1.5629159650175002,0.6051239371299744,-1.0032745599746704,21.73478185670611,34.91831689274913,13.183535036043025,2.7513540838845048,3.405471129245161,0.6541170453606564,1,1,True,,/mnt/SSD4T/teambruce/projects/navila-isaac/NaVILA-Bench/eval_results/round_trip_phase_prompt_go2_matterport_vision_loco_2024-09-25_23-22-02_reliability_v11_prospective_capture_shadow_100ep_20260722_accumulated_ep784/measurements/1336.json,/mnt/SSD4T/teambruce/projects/navila-isaac/NaVILA-Bench/eval_results/round_trip_phase_prompt_go2_matterport_vision_loco_2024-09-25_23-22-02_reliability_v11_prospective_capture_shadow_100ep_20260722_accumulated_ep784/trajectories/output_1336.jsonl
29047,reliability_v11_prospective_capture_shadow_100ep_20260722_accumulated,785,X7HyMhZNoso,832,9,current,4154,5754,2.975144863128662,-7.2932868003845215,0.9653056437923438,2.8310532569885254,-6.7753987312316895,49.01607001545372,50.24018305354027,1.224113038086557,0.5522308104520972,0.5375597112236861,0.014671099228411144,0,0,True,,/mnt/SSD4T/teambruce/projects/navila-isaac/NaVILA-Bench/eval_results/round_trip_phase_prompt_go2_matterport_vision_loco_2024-09-25_23-22-02_reliability_v11_prospective_capture_shadow_100ep_20260722_accumulated_ep785/measurements/1337.json,/mnt/SSD4T/teambruce/projects/navila-isaac/NaVILA-Bench/eval_results/round_trip_phase_prompt_go2_matterport_vision_loco_2024-09-25_23-22-02_reliability_v11_prospective_capture_shadow_100ep_20260722_accumulated_ep785/trajectories/output_1337.jsonl
29376,reliability_v11_prospective_capture_shadow_100ep_20260722_accumulated,785,X7HyMhZNoso,996,8,next,4974,6574,2.9382660388946533,-7.207737922668457,0.4571662797580463,2.7419493198394775,-5.8459882736206055,86.07797945117244,72.00982983964509,14.06814961152736,1.9913718280712862,1.3758278819905256,0.6155439460807606,1,1,True,,/mnt/SSD4T/teambruce/projects/navila-isaac/NaVILA-Bench/eval_results/round_trip_phase_prompt_go2_matterport_vision_loco_2024-09-25_23-22-02_reliability_v11_prospective_capture_shadow_100ep_20260722_accumulated_ep785/measurements/1337.json,/mnt/SSD4T/teambruce/projects/navila-isaac/NaVILA-Bench/eval_results/round_trip_phase_prompt_go2_matterport_vision_loco_2024-09-25_23-22-02_reliability_v11_prospective_capture_shadow_100ep_20260722_accumulated_ep785/trajectories/output_1337.jsonl
29620,reliability_v11_prospective_capture_shadow_100ep_20260722_accumulated,814,x8F5xyUWy9e,117,5,next,579,2104,-5.35300874710083,0.7499539256095886,0.7066819453052063,-5.808810234069824,1.0256363153457642,-18.589946619855233,108.34330197173642,126.93324859159165,4.050409960200896,0.5326873149736107,3.517722645227285,1,1,True,,/mnt/SSD4T/teambruce/projects/navila-isaac/NaVILA-Bench/eval_results/round_trip_phase_prompt_go2_matterport_vision_loco_2024-09-25_23-22-02_reliability_v11_prospective_capture_shadow_100ep_20260722_accumulated_ep814/measurements/1378.json,/mnt/SSD4T/teambruce/projects/navila-isaac/NaVILA-Bench/eval_results/round_trip_phase_prompt_go2_matterport_vision_loco_2024-09-25_23-22-02_reliability_v11_prospective_capture_shadow_100ep_20260722_accumulated_ep814/trajectories/output_1378.jsonl
29698,reliability_v11_prospective_capture_shadow_100ep_20260722_accumulated,814,x8F5xyUWy9e,156,5,next,774,2299,-4.496181964874268,1.5831067562103271,1.2918281892325638,-5.808810234069824,1.0256363153457642,131.32986561690106,128.99452533437474,2.3353402825263174,1.2794911807023217,1.4261017725004947,0.14661059179817304,0,0,True,,/mnt/SSD4T/teambruce/projects/navila-isaac/NaVILA-Bench/eval_results/round_trip_phase_prompt_go2_matterport_vision_loco_2024-09-25_23-22-02_reliability_v11_prospective_capture_shadow_100ep_20260722_accumulated_ep814/measurements/1378.json,/mnt/SSD4T/teambruce/projects/navila-isaac/NaVILA-Bench/eval_results/round_trip_phase_prompt_go2_matterport_vision_loco_2024-09-25_23-22-02_reliability_v11_prospective_capture_shadow_100ep_20260722_accumulated_ep814/trajectories/output_1378.jsonl
29902,reliability_v11_prospective_capture_shadow_100ep_20260722_accumulated,815,x8F5xyUWy9e,95,5,next,469,1969,-5.90143346786499,0.7507315278053284,1.533162607866947,-5.808810234069824,1.0256363153457642,-18.846194108192353,-16.463879793116305,2.3823143150760586,0.24561261191203687,0.29008913397665576,0.044476522064618884,0,0,True,,/mnt/SSD4T/teambruce/projects/navila-isaac/NaVILA-Bench/eval_results/round_trip_phase_prompt_go2_matterport_vision_loco_2024-09-25_23-22-02_reliability_v11_prospective_capture_shadow_100ep_20260722_accumulated_ep815/measurements/1379.json,/mnt/SSD4T/teambruce/projects/navila-isaac/NaVILA-Bench/eval_results/round_trip_phase_prompt_go2_matterport_vision_loco_2024-09-25_23-22-02_reliability_v11_prospective_capture_shadow_100ep_20260722_accumulated_ep815/trajectories/output_1379.jsonl
29990,reliability_v11_prospective_capture_shadow_100ep_20260722_accumulated,815,x8F5xyUWy9e,139,5,next,689,2189,-6.250509738922119,2.3848164081573486,1.893577548429453,-5.808810234069824,1.0256363153457642,-102.37267300944599,179.5088625922179,78.11846439833613,1.6103723142300217,1.4291497392792927,0.18122257495072902,1,1,True,,/mnt/SSD4T/teambruce/projects/navila-isaac/NaVILA-Bench/eval_results/round_trip_phase_prompt_go2_matterport_vision_loco_2024-09-25_23-22-02_reliability_v11_prospective_capture_shadow_100ep_20260722_accumulated_ep815/measurements/1379.json,/mnt/SSD4T/teambruce/projects/navila-isaac/NaVILA-Bench/eval_results/round_trip_phase_prompt_go2_matterport_vision_loco_2024-09-25_23-22-02_reliability_v11_prospective_capture_shadow_100ep_20260722_accumulated_ep815/trajectories/output_1379.jsonl
31296,reliability_v11_prospective_capture_shadow_100ep_20260722_accumulated,844,zsNo4HB9uLZ,651,4,next,3249,4674,14.698332786560059,6.877707481384277,-3.0508902220602008,16.265705108642578,5.41018533706665,-102.51342852018178,131.68752548618133,125.79904599363692,1.1760340251103345,2.147155616179916,0.9711215910695816,1,1,True,,/mnt/SSD4T/teambruce/projects/navila-isaac/NaVILA-Bench/eval_results/round_trip_phase_prompt_go2_matterport_vision_loco_2024-09-25_23-22-02_reliability_v11_prospective_capture_shadow_100ep_20260722_accumulated_ep844/measurements/1438.json,/mnt/SSD4T/teambruce/projects/navila-isaac/NaVILA-Bench/eval_results/round_trip_phase_prompt_go2_matterport_vision_loco_2024-09-25_23-22-02_reliability_v11_prospective_capture_shadow_100ep_20260722_accumulated_ep844/trajectories/output_1438.jsonl
31657,reliability_v11_prospective_capture_shadow_100ep_20260722_accumulated,844,zsNo4HB9uLZ,832,5,current,4154,5579,13.2716064453125,6.482522010803223,-0.8386314165121285,16.091140747070312,6.221233367919922,40.4588614511438,42.75551380430978,2.296652353165996,2.385964437947687,2.8316153399938897,0.4456509020462027,0,0,True,,/mnt/SSD4T/teambruce/projects/navila-isaac/NaVILA-Bench/eval_results/round_trip_phase_prompt_go2_matterport_vision_loco_2024-09-25_23-22-02_reliability_v11_prospective_capture_shadow_100ep_20260722_accumulated_ep844/measurements/1438.json,/mnt/SSD4T/teambruce/projects/navila-isaac/NaVILA-Bench/eval_results/round_trip_phase_prompt_go2_matterport_vision_loco_2024-09-25_23-22-02_reliability_v11_prospective_capture_shadow_100ep_20260722_accumulated_ep844/trajectories/output_1438.jsonl
34244,reliability_v11_prospective_capture_shadow_100ep_20260722_accumulated,888,EU6Fwq7SyZv,123,6,next,609,2184,4.635866165161133,-1.857564926147461,-0.3704222084995046,5.3401312828063965,-2.1305103302001953,-97.2145369479185,0.03926144855648764,97.25379839647499,0.14184651394737566,0.755306924054988,0.6134604101076123,1,1,True,,/mnt/SSD4T/teambruce/projects/navila-isaac/NaVILA-Bench/eval_results/round_trip_phase_prompt_go2_matterport_vision_loco_2024-09-25_23-22-02_reliability_v11_prospective_capture_shadow_100ep_20260722_accumulated_ep888/measurements/1515.json,/mnt/SSD4T/teambruce/projects/navila-isaac/NaVILA-Bench/eval_results/round_trip_phase_prompt_go2_matterport_vision_loco_2024-09-25_23-22-02_reliability_v11_prospective_capture_shadow_100ep_20260722_accumulated_ep888/trajectories/output_1515.jsonl
34465,reliability_v11_prospective_capture_shadow_100ep_20260722_accumulated,888,EU6Fwq7SyZv,234,3,current,1164,2739,7.80826997756958,-2.352905035018921,-1.0281747374498005,7.470949172973633,-2.987689733505249,-53.44173461771157,-59.07583725539536,5.634102637683782,0.7583304873601199,0.7188441685411628,0.039486318818957034,0,0,True,,/mnt/SSD4T/teambruce/projects/navila-isaac/NaVILA-Bench/eval_results/round_trip_phase_prompt_go2_matterport_vision_loco_2024-09-25_23-22-02_reliability_v11_prospective_capture_shadow_100ep_20260722_accumulated_ep888/measurements/1515.json,/mnt/SSD4T/teambruce/projects/navila-isaac/NaVILA-Bench/eval_results/round_trip_phase_prompt_go2_matterport_vision_loco_2024-09-25_23-22-02_reliability_v11_prospective_capture_shadow_100ep_20260722_accumulated_ep888/trajectories/output_1515.jsonl
34507,reliability_v11_prospective_capture_shadow_100ep_20260722_accumulated,929,2azQ1b91cZZ,1,4,current,0,1225,8.307191848754883,-2.8702826499938965,1.4817582626073063,8.307209968566895,-2.869842290878296,8.37756288585859,2.745238833409913,5.632324052448666,0.01888693985609876,0.00044073175320127574,0.018446208102897484,0,0,True,,/mnt/SSD4T/teambruce/projects/navila-isaac/NaVILA-Bench/eval_results/round_trip_phase_prompt_go2_matterport_vision_loco_2024-09-25_23-22-02_reliability_v11_prospective_capture_shadow_100ep_20260722_accumulated_ep929/measurements/1574.json,/mnt/SSD4T/teambruce/projects/navila-isaac/NaVILA-Bench/eval_results/round_trip_phase_prompt_go2_matterport_vision_loco_2024-09-25_23-22-02_reliability_v11_prospective_capture_shadow_100ep_20260722_accumulated_ep929/trajectories/output_1574.jsonl
34516,reliability_v11_prospective_capture_shadow_100ep_20260722_accumulated,929,2azQ1b91cZZ,5,3,next,19,1244,8.30900764465332,-2.870121717453003,1.6410158511259196,8.39211654663086,-1.9635893106460571,-102.57370630613875,-9.261391359091224,93.31231494704753,2.9083259432557464,0.9103340563656322,1.997991886890114,1,1,True,,/mnt/SSD4T/teambruce/projects/navila-isaac/NaVILA-Bench/eval_results/round_trip_phase_prompt_go2_matterport_vision_loco_2024-09-25_23-22-02_reliability_v11_prospective_capture_shadow_100ep_20260722_accumulated_ep929/measurements/1574.json,/mnt/SSD4T/teambruce/projects/navila-isaac/NaVILA-Bench/eval_results/round_trip_phase_prompt_go2_matterport_vision_loco_2024-09-25_23-22-02_reliability_v11_prospective_capture_shadow_100ep_20260722_accumulated_ep929/trajectories/output_1574.jsonl
35363,reliability_v11_prospective_capture_shadow_100ep_20260722_accumulated,961,TbHJrupSAjP,43,7,next,209,1834,2.28371262550354,7.192988395690918,-1.6109977975322298,2.4231679439544678,7.505171775817871,153.30879048158278,158.232599728286,4.923809246703229,0.33166313264632824,0.3419155578088534,0.01025242516252517,0,0,True,,/mnt/SSD4T/teambruce/projects/navila-isaac/NaVILA-Bench/eval_results/round_trip_phase_prompt_go2_matterport_vision_loco_2024-09-25_23-22-02_reliability_v11_prospective_capture_shadow_100ep_20260722_accumulated_ep961/measurements/1642.json,/mnt/SSD4T/teambruce/projects/navila-isaac/NaVILA-Bench/eval_results/round_trip_phase_prompt_go2_matterport_vision_loco_2024-09-25_23-22-02_reliability_v11_prospective_capture_shadow_100ep_20260722_accumulated_ep961/trajectories/output_1642.jsonl
35470,reliability_v11_prospective_capture_shadow_100ep_20260722_accumulated,961,TbHJrupSAjP,97,8,current,479,2104,2.406843662261963,5.180422306060791,-1.3485406465488732,3.098266363143921,8.251060485839844,-70.51776694560098,154.57590733156437,134.90632572283465,1.399344356433028,3.147520322795663,1.7481759663626353,1,1,True,,/mnt/SSD4T/teambruce/projects/navila-isaac/NaVILA-Bench/eval_results/round_trip_phase_prompt_go2_matterport_vision_loco_2024-09-25_23-22-02_reliability_v11_prospective_capture_shadow_100ep_20260722_accumulated_ep961/measurements/1642.json,/mnt/SSD4T/teambruce/projects/navila-isaac/NaVILA-Bench/eval_results/round_trip_phase_prompt_go2_matterport_vision_loco_2024-09-25_23-22-02_reliability_v11_prospective_capture_shadow_100ep_20260722_accumulated_ep961/trajectories/output_1642.jsonl
35832,reliability_v11_prospective_capture_shadow_100ep_20260722_accumulated,962,TbHJrupSAjP,2,9,current,4,1579,3.3182313442230225,8.549952507019043,-2.1713075026909365,3.3284969329833984,8.551380157470703,160.79846385246395,132.3241811559923,28.474282696471647,0.01766845898038628,0.010364386060412985,0.0073040729199732955,0,0,True,,/mnt/SSD4T/teambruce/projects/navila-isaac/NaVILA-Bench/eval_results/round_trip_phase_prompt_go2_matterport_vision_loco_2024-09-25_23-22-02_reliability_v11_prospective_capture_shadow_100ep_20260722_accumulated_ep962/measurements/1643.json,/mnt/SSD4T/teambruce/projects/navila-isaac/NaVILA-Bench/eval_results/round_trip_phase_prompt_go2_matterport_vision_loco_2024-09-25_23-22-02_reliability_v11_prospective_capture_shadow_100ep_20260722_accumulated_ep962/trajectories/output_1643.jsonl
36059,reliability_v11_prospective_capture_shadow_100ep_20260722_accumulated,962,TbHJrupSAjP,115,1,next,569,2144,2.338360548019409,4.695065021514893,-1.348280562541468,1.9536648988723755,2.5834836959838867,-56.426506566640434,-23.074330512752354,33.35217605388809,0.0817350644645516,2.1463379130052975,2.064602848540746,1,1,True,,/mnt/SSD4T/teambruce/projects/navila-isaac/NaVILA-Bench/eval_results/round_trip_phase_prompt_go2_matterport_vision_loco_2024-09-25_23-22-02_reliability_v11_prospective_capture_shadow_100ep_20260722_accumulated_ep962/measurements/1643.json,/mnt/SSD4T/teambruce/projects/navila-isaac/NaVILA-Bench/eval_results/round_trip_phase_prompt_go2_matterport_vision_loco_2024-09-25_23-22-02_reliability_v11_prospective_capture_shadow_100ep_20260722_accumulated_ep962/trajectories/output_1643.jsonl
36086,reliability_v11_prospective_capture_shadow_100ep_20260722_accumulated,979,TbHJrupSAjP,4,10,next,14,1764,-0.28068503737449646,6.413340091705322,-0.02709185251083793,0.37419256567955017,6.347919464111328,-4.954015610430985,-4.152528927784748,0.8014866826462423,0.698932351201611,0.6581371692106484,0.04079518199096266,0,0,True,,/mnt/SSD4T/teambruce/projects/navila-isaac/NaVILA-Bench/eval_results/round_trip_phase_prompt_go2_matterport_vision_loco_2024-09-25_23-22-02_reliability_v11_prospective_capture_shadow_100ep_20260722_accumulated_ep979/measurements/1660.json,/mnt/SSD4T/teambruce/projects/navila-isaac/NaVILA-Bench/eval_results/round_trip_phase_prompt_go2_matterport_vision_loco_2024-09-25_23-22-02_reliability_v11_prospective_capture_shadow_100ep_20260722_accumulated_ep979/trajectories/output_1660.jsonl
36245,reliability_v11_prospective_capture_shadow_100ep_20260722_accumulated,979,TbHJrupSAjP,84,11,current,414,2164,1.6876440048217773,6.216518878936768,-0.8847968380328004,-0.3321179449558258,6.405636787414551,-56.25326692234826,-134.65409846922455,78.4008315468763,2.291455619718158,2.0285965387618203,0.2628590809563378,1,1,True,,/mnt/SSD4T/teambruce/projects/navila-isaac/NaVILA-Bench/eval_results/round_trip_phase_prompt_go2_matterport_vision_loco_2024-09-25_23-22-02_reliability_v11_prospective_capture_shadow_100ep_20260722_accumulated_ep979/measurements/1660.json,/mnt/SSD4T/teambruce/projects/navila-isaac/NaVILA-Bench/eval_results/round_trip_phase_prompt_go2_matterport_vision_loco_2024-09-25_23-22-02_reliability_v11_prospective_capture_shadow_100ep_20260722_accumulated_ep979/trajectories/output_1660.jsonl
36956,reliability_v11_prospective_capture_shadow_100ep_20260722_accumulated,987,zsNo4HB9uLZ,78,6,next,384,2209,12.184696197509766,3.933399200439453,-1.0580409225538188,13.203678131103516,0.5613129138946533,-10.99634462346743,-12.564877375595403,1.5685327521279646,1.6560185431651382,3.5226822316090267,1.8666636884438885,1,1,True,,/mnt/SSD4T/teambruce/projects/navila-isaac/NaVILA-Bench/eval_results/round_trip_phase_prompt_go2_matterport_vision_loco_2024-09-25_23-22-02_reliability_v11_prospective_capture_shadow_100ep_20260722_accumulated_ep987/measurements/1683.json,/mnt/SSD4T/teambruce/projects/navila-isaac/NaVILA-Bench/eval_results/round_trip_phase_prompt_go2_matterport_vision_loco_2024-09-25_23-22-02_reliability_v11_prospective_capture_shadow_100ep_20260722_accumulated_ep987/trajectories/output_1683.jsonl
37100,reliability_v11_prospective_capture_shadow_100ep_20260722_accumulated,987,zsNo4HB9uLZ,153,3,current,759,2584,12.988353729248047,1.5995222330093384,-1.359501751379284,12.222912788391113,-1.5911890268325806,-24.890927601257275,-25.596421513891734,0.7054939126344664,3.2769865767584427,3.2812403413377016,0.004253764579258856,0,0,True,,/mnt/SSD4T/teambruce/projects/navila-isaac/NaVILA-Bench/eval_results/round_trip_phase_prompt_go2_matterport_vision_loco_2024-09-25_23-22-02_reliability_v11_prospective_capture_shadow_100ep_20260722_accumulated_ep987/measurements/1683.json,/mnt/SSD4T/teambruce/projects/navila-isaac/NaVILA-Bench/eval_results/round_trip_phase_prompt_go2_matterport_vision_loco_2024-09-25_23-22-02_reliability_v11_prospective_capture_shadow_100ep_20260722_accumulated_ep987/trajectories/output_1683.jsonl
2334,reliability_v11_prospective_capture_shadow_100ep_20260722_accumulated,1069,zsNo4HB9uLZ,18,9,current,84,1584,13.017786026000977,-1.06602942943573,1.9277642495217837,13.198923110961914,-1.624738335609436,177.36845931183106,177.51027822059459,0.14181890876352554,0.576570030926728,0.5873383057369619,0.010768274810233902,0,0,True,,/mnt/SSD4T/teambruce/projects/navila-isaac/NaVILA-Bench/eval_results/round_trip_phase_prompt_go2_matterport_vision_loco_2024-09-25_23-22-02_reliability_v11_prospective_capture_shadow_100ep_20260722_accumulated_ep1069/measurements/1807.json,/mnt/SSD4T/teambruce/projects/navila-isaac/NaVILA-Bench/eval_results/round_trip_phase_prompt_go2_matterport_vision_loco_2024-09-25_23-22-02_reliability_v11_prospective_capture_shadow_100ep_20260722_accumulated_ep1069/trajectories/output_1807.jsonl
2481,reliability_v11_prospective_capture_shadow_100ep_20260722_accumulated,1069,zsNo4HB9uLZ,91,5,next,449,1949,12.464810371398926,0.7551572918891907,1.0358119469045635,13.153861045837402,1.632293462753296,-49.678102203267244,-7.499719761996384,42.178382441270855,1.3549468608775785,1.115418618359163,0.23952824251841554,1,1,True,,/mnt/SSD4T/teambruce/projects/navila-isaac/NaVILA-Bench/eval_results/round_trip_phase_prompt_go2_matterport_vision_loco_2024-09-25_23-22-02_reliability_v11_prospective_capture_shadow_100ep_20260722_accumulated_ep1069/measurements/1807.json,/mnt/SSD4T/teambruce/projects/navila-isaac/NaVILA-Bench/eval_results/round_trip_phase_prompt_go2_matterport_vision_loco_2024-09-25_23-22-02_reliability_v11_prospective_capture_shadow_100ep_20260722_accumulated_ep1069/trajectories/output_1807.jsonl
