episode_idx	episode_id	scene	exit_code	start_time	end_time	outbound_success	return_success	round_trip_success	distance_to_start	outbound_stop_distance_to_goal
806	1368	TbHJrupSAjP	0	2026-08-16T17:34:47+01:00	2026-08-16T17:54:59+01:00	True	True	True	2.1413958072662354	0.9665675759315491
470	798	QUCTc6BB5sX	0	2026-08-16T17:54:59+01:00	2026-08-16T18:09:58+01:00	True	True	True	1.0676480531692505	2.467001438140869
646	1118	x8F5xyUWy9e	0	2026-08-16T18:09:58+01:00	2026-08-16T18:36:28+01:00	True	False	False	9.245330810546875	1.4860173463821411
889	1517	EU6Fwq7SyZv	0	2026-08-16T18:36:28+01:00	2026-08-16T18:53:03+01:00	True	True	True	1.8349378108978271	1.6554393768310547
517	899	zsNo4HB9uLZ	0	2026-08-16T18:53:03+01:00	2026-08-16T19:10:26+01:00	True	True	True	1.717771053314209	2.030538558959961
95	141	2azQ1b91cZZ	0	2026-08-16T19:10:26+01:00	2026-08-16T19:25:44+01:00	True	False	False	4.195143699645996	2.432007074356079
324	523	TbHJrupSAjP	0	2026-08-16T19:25:44+01:00	2026-08-16T19:33:54+01:00	True	False	False	6.336177825927734	1.8630645275115967
961	1643	TbHJrupSAjP	0	2026-08-16T19:33:54+01:00	2026-08-16T19:50:35+01:00	True	False	False	3.950256586074829	1.126803994178772
962	1644	TbHJrupSAjP	0	2026-08-16T19:50:35+01:00	2026-08-16T20:03:04+01:00	True	True	True	1.8766099214553833	0.2866397798061371
844	1439	zsNo4HB9uLZ	0	2026-08-16T20:03:04+01:00	2026-08-16T20:11:03+01:00	True	True	True	2.0769565105438232	1.567296028137207
555	958	2azQ1b91cZZ	0	2026-08-16T20:11:03+01:00	2026-08-16T20:27:46+01:00	True	False	False	10.850931167602539	0.09805084019899368
669	1153	X7HyMhZNoso	0	2026-08-16T20:27:46+01:00	2026-08-16T20:37:56+01:00	True	True	True	0.9521688222885132	0.0664878785610199
670	1154	X7HyMhZNoso	0	2026-08-16T20:37:56+01:00	2026-08-16T21:06:32+01:00	True	False	False	6.608534812927246	0.5553672313690186
367	602	X7HyMhZNoso	0	2026-08-16T21:06:32+01:00	2026-08-16T21:29:36+01:00	True	True	True	1.5764235258102417	1.0334663391113281
579	1006	2azQ1b91cZZ	0	2026-08-16T21:29:36+01:00	2026-08-16T21:51:11+01:00	True	True	True	1.9823637008666992	1.5237536430358887
484	827	zsNo4HB9uLZ	0	2026-08-16T21:51:11+01:00	2026-08-16T22:03:24+01:00	True	True	True	1.7843281030654907	0.9409270882606506
5	9	x8F5xyUWy9e	0	2026-08-16T22:03:24+01:00	2026-08-16T22:36:16+01:00	True	False	False	9.09019660949707	0.2864091396331787
696	1189	2azQ1b91cZZ	0	2026-08-16T22:36:16+01:00	2026-08-16T23:04:34+01:00	True	False	False	3.3909990787506104	2.118361234664917
88	128	EU6Fwq7SyZv	0	2026-08-16T23:04:34+01:00	2026-08-16T23:56:33+01:00	True	False	False	2.2895243167877197	1.2290101051330566
534	922	zsNo4HB9uLZ	0	2026-08-16T23:56:33+01:00	2026-08-17T00:10:27+01:00	True	False	False	10.858264923095703	1.4359257221221924
647	1119	x8F5xyUWy9e	0	2026-08-17T00:10:27+01:00	2026-08-17T00:20:53+01:00	True	True	True	0.8020685911178589	2.1749417781829834
89	129	EU6Fwq7SyZv	0	2026-08-17T00:20:53+01:00	2026-08-17T00:58:37+01:00	True	True	True	2.8063223361968994	2.5040204524993896
268	422	QUCTc6BB5sX	0	2026-08-17T00:58:37+01:00	2026-08-17T01:20:29+01:00	True	True	True	1.5077201128005981	1.1069384813308716
1038	1759	X7HyMhZNoso	0	2026-08-17T01:20:29+01:00	2026-08-17T01:30:51+01:00	True	True	True	0.6050227284431458	1.3097035884857178
205	314	2azQ1b91cZZ	0	2026-08-17T01:30:51+01:00	2026-08-17T01:52:13+01:00	True	False	False	5.710759162902832	1.0178875923156738
671	1155	X7HyMhZNoso	0	2026-08-17T01:52:13+01:00	2026-08-17T02:04:07+01:00	True	True	True	1.6871832609176636	0.18969875574111938
688	1178	X7HyMhZNoso	0	2026-08-17T02:04:08+01:00	2026-08-17T02:10:14+01:00	True	True	True	1.7095321416854858	0.43925026059150696
319	512	2azQ1b91cZZ	0	2026-08-17T02:10:14+01:00	2026-08-17T02:43:37+01:00	True	False	False	3.4318220615386963	0.5894729495048523
264	418	zsNo4HB9uLZ	0	2026-08-17T02:43:38+01:00	2026-08-17T02:57:41+01:00	True	False	False	5.856000900268555	0.9952511787414551
658	1139	QUCTc6BB5sX	0	2026-08-17T02:57:41+01:00	2026-08-17T03:12:20+01:00	True	True	True	2.625495433807373	0.6470323801040649
310	500	QUCTc6BB5sX	0	2026-08-17T03:12:20+01:00	2026-08-17T03:29:10+01:00	True	True	True	2.9838969707489014	0.32580482959747314
351	577	QUCTc6BB5sX	0	2026-08-17T03:29:10+01:00	2026-08-17T03:56:21+01:00	True	True	True	2.327407121658325	0.3288317918777466
539	930	TbHJrupSAjP	0	2026-08-17T03:56:21+01:00	2026-08-17T04:10:24+01:00	True	True	True	1.8308429718017578	1.1882448196411133
581	1008	2azQ1b91cZZ	0	2026-08-17T04:10:24+01:00	2026-08-17T04:43:17+01:00	True	True	True	1.9754136800765991	0.33376240730285645
366	601	X7HyMhZNoso	0	2026-08-17T04:43:17+01:00	2026-08-17T05:17:36+01:00	True	False	False	6.980301380157471	2.4691309928894043
490	854	X7HyMhZNoso	0	2026-08-17T05:17:36+01:00	2026-08-17T05:31:04+01:00	True	True	True	2.126274824142456	0.2791793942451477
888	1516	EU6Fwq7SyZv	0	2026-08-17T05:31:04+01:00	2026-08-17T05:46:58+01:00	True	True	True	1.9290508031845093	0.5595924258232117
815	1380	x8F5xyUWy9e	0	2026-08-17T05:46:58+01:00	2026-08-17T05:55:46+01:00	True	True	True	1.456885814666748	0.7183235883712769
20	33	x8F5xyUWy9e	0	2026-08-17T05:55:46+01:00	2026-08-17T06:00:53+01:00	True	False	False	0.0	0.7486945390701294
813	1378	x8F5xyUWy9e	0	2026-08-17T06:00:53+01:00	2026-08-17T06:15:35+01:00	True	False	False	5.475706100463867	2.1585519313812256
189	286	2azQ1b91cZZ	0	2026-08-17T06:15:35+01:00	2026-08-17T06:30:10+01:00	True	True	True	1.8326369524002075	1.929379940032959
783	1336	X7HyMhZNoso	0	2026-08-17T06:30:10+01:00	2026-08-17T06:34:16+01:00	True	False	False	4.09625768661499	0.6689324378967285
784	1337	X7HyMhZNoso	0	2026-08-17T06:34:16+01:00	2026-08-17T06:43:52+01:00	True	False	False	3.054293394088745	0.9869319200515747
785	1338	X7HyMhZNoso	0	2026-08-17T06:43:52+01:00	2026-08-17T06:56:40+01:00	True	False	False	3.7350640296936035	0.7177621722221375
1004	1713	TbHJrupSAjP	0	2026-08-17T06:56:40+01:00	2026-08-17T06:58:47+01:00	False	True	False	1.0126945972442627	3.8766279220581055
1062	1801	2azQ1b91cZZ	0	2026-08-17T06:58:47+01:00	2026-08-17T07:12:10+01:00	True	False	False	3.5088675022125244	0.25475603342056274
86	126	zsNo4HB9uLZ	0	2026-08-17T07:12:10+01:00	2026-08-17T07:25:48+01:00	True	True	True	1.9955848455429077	1.6447391510009766
271	428	QUCTc6BB5sX	0	2026-08-17T07:25:48+01:00	2026-08-17T07:39:50+01:00	True	False	False	17.91063117980957	0.7018756866455078
479	810	2azQ1b91cZZ	0	2026-08-17T07:39:50+01:00	2026-08-17T07:51:04+01:00	True	True	True	1.4604363441467285	0.18745797872543335
656	1137	zsNo4HB9uLZ	0	2026-08-17T07:51:05+01:00	2026-08-17T08:03:24+01:00	True	False	False	6.118305206298828	1.1749876737594604
