episode_idx	episode_id	scene	exit_code	outbound_success	return_success	round_trip_success	distance_to_start	outbound_stop_distance_to_goal
5	9	x8F5xyUWy9e	0	True	False	False	8.878586769104004	0.3347068130970001
367	602	X7HyMhZNoso	0	True	True	True	1.4900521039962769	1.317607045173645
647	1119	x8F5xyUWy9e	0	True	True	True	0.6677106618881226	2.1749417781829834
89	129	EU6Fwq7SyZv	0	True	False	False	5.36669921875	2.712240219116211
268	422	QUCTc6BB5sX	0	True	True	True	2.745084762573242	0.6150118112564087
1038	1759	X7HyMhZNoso	0	True	True	True	1.1245403289794922	1.3490952253341675
205	314	2azQ1b91cZZ	0	True	False	False	3.4135708808898926	1.0178875923156738
88	128	EU6Fwq7SyZv	0	True	False	False	5.183632850646973	1.2290101051330566
671	1155	X7HyMhZNoso	0	True	True	True	0.6589203476905823	0.18969875574111938
688	1178	X7HyMhZNoso	1					
95	141	2azQ1b91cZZ	98					
319	512	2azQ1b91cZZ	0	True	False	False	7.0436930656433105	0.7759787440299988
579	1006	2azQ1b91cZZ	0	True	False	False	5.385871887207031	1.5237536430358887
264	418	zsNo4HB9uLZ	0	True	False	False	5.666078090667725	0.9952511787414551
658	1139	QUCTc6BB5sX	0	True	True	True	1.234256625175476	0.6470323801040649
310	500	QUCTc6BB5sX	0	True	True	True	3.0081162452697754	0.44339168071746826
351	577	QUCTc6BB5sX	0	True	True	True	2.495965003967285	0.4193815290927887
539	930	TbHJrupSAjP	0	True	False	False	5.95425271987915	1.1882448196411133
669	1153	X7HyMhZNoso	0	True	True	True	0.692797839641571	0.18969875574111938
484	827	zsNo4HB9uLZ	98					
581	1008	2azQ1b91cZZ	0	True	False	False	3.3115549087524414	0.33376240730285645
646	1118	x8F5xyUWy9e	0	True	True	True	0.6620702147483826	2.154270648956299
366	601	X7HyMhZNoso	0	True	True	True	1.7300548553466797	2.4691309928894043
490	854	X7HyMhZNoso	0	True	False	False	6.1642842292785645	0.07638110220432281
888	1516	EU6Fwq7SyZv	0	True	True	True	2.9444010257720947	0.5595924258232117
962	1644	TbHJrupSAjP	0	True	False	False	3.8732426166534424	0.689678430557251
815	1380	x8F5xyUWy9e	0	True	False	False	4.279936790466309	0.7183235883712769
961	1643	TbHJrupSAjP	0	True	False	False	3.8610246181488037	1.126803994178772
20	33	x8F5xyUWy9e	0	True	False	False	5.459573268890381	0.7486945390701294
670	1154	X7HyMhZNoso	0	True	False	False	7.052464962005615	0.5553672313690186
696	1189	2azQ1b91cZZ	0	True	False	False	3.62491774559021	1.4600136280059814
813	1378	x8F5xyUWy9e	0	True	True	True	0.7837626338005066	2.1585519313812256
844	1439	zsNo4HB9uLZ	0	True	False	False	1.9809097051620483	2.133143424987793
189	286	2azQ1b91cZZ	98					
783	1336	X7HyMhZNoso	0	True	False	False	3.838003158569336	0.6094897985458374
784	1337	X7HyMhZNoso	0	True	False	False	3.948383092880249	1.2501364946365356
889	1517	EU6Fwq7SyZv	0	True	False	False	3.2370026111602783	1.6554393768310547
785	1338	X7HyMhZNoso	0	True	False	False	3.838003158569336	0.6094897985458374
1004	1713	TbHJrupSAjP	98					
1062	1801	2azQ1b91cZZ	0					
86	126	zsNo4HB9uLZ	0	True	False	False	13.040030479431152	1.6447391510009766
271	428	QUCTc6BB5sX	0	True	True	True	2.8173060417175293	0.8436200022697449
324	523	TbHJrupSAjP	0	True	False	False	6.4216108322143555	1.8630645275115967
470	798	QUCTc6BB5sX	0	True	True	True	0.9063729047775269	2.472806930541992
479	810	2azQ1b91cZZ	0	True	False	False	11.400519371032715	0.8652437329292297
517	899	zsNo4HB9uLZ	0	True	False	False	6.668491840362549	0.24381473660469055
534	922	zsNo4HB9uLZ	0	True	False	False	5.708266258239746	1.0738743543624878
555	958	2azQ1b91cZZ	98					
656	1137	zsNo4HB9uLZ	0	True	True	True	0.9877352714538574	1.1749876737594604
806	1368	TbHJrupSAjP	0	True	False	False	4.946372032165527	0.9819995164871216
814	1379	x8F5xyUWy9e	0	True	True	True	1.969332218170166	0.395378440618515
829	1406	TbHJrupSAjP	0	True	False	False	5.178975582122803	0.2634196877479553
18	31	x8F5xyUWy9e	0	True	False	False	7.707080364227295	2.571943998336792
97	143	QUCTc6BB5sX	0	True	True	True	1.2004148960113525	0.8452414274215698
226	359	TbHJrupSAjP	0	True	False	False	8.493910789489746	0.41322484612464905
228	361	zsNo4HB9uLZ	0	True	False	False	3.365359306335449	1.1703208684921265
233	366	2azQ1b91cZZ	0	True	True	True	0.11874469369649887	0.7509603500366211
266	420	zsNo4HB9uLZ	0	True	False	False	5.774373531341553	0.9492194652557373
291	472	TbHJrupSAjP	0	True	False	False	8.54727840423584	0.36303141713142395
304	494	2azQ1b91cZZ	0	True	False	False	0.0	2.325702428817749
353	579	QUCTc6BB5sX	0	True	True	True	1.1235896348953247	1.9836878776550293
376	629	zsNo4HB9uLZ	0	True	True	True	1.8074302673339844	0.7633232474327087
426	718	2azQ1b91cZZ	0	True	False	False	3.9167065620422363	0.28307196497917175
428	720	2azQ1b91cZZ	0	True	False	False	11.300047874450684	0.28307196497917175
463	785	QUCTc6BB5sX	0	True	False	False	14.88156795501709	0.6292834877967834
476	807	2azQ1b91cZZ	0	True	False	False	6.6046342849731445	0.25608471035957336
566	978	QUCTc6BB5sX	0	True	False	False	3.3087077140808105	1.5661656856536865
621	1084	zsNo4HB9uLZ	0	True	True	True	2.911176919937134	0.7596444487571716
645	1117	x8F5xyUWy9e	0	True	True	True	0.811426043510437	2.095031976699829
679	1166	zsNo4HB9uLZ	0	True	True	True	0.9031347036361694	0.4360325038433075
705	1198	zsNo4HB9uLZ	0	True	True	True	1.0744574069976807	0.4630112051963806
733	1256	2azQ1b91cZZ	0	True	False	False	12.768178939819336	0.8678773641586304
738	1264	2azQ1b91cZZ	0	True	False	False	16.5271053314209	1.3032764196395874
833	1419	TbHJrupSAjP	0	True	True	True	0.5556175708770752	0.53794926404953
885	1513	QUCTc6BB5sX	0	True	True	True	2.6785318851470947	0.9974042773246765
895	1523	zsNo4HB9uLZ	0	True	True	True	1.9551234245300293	0.2726956009864807
960	1642	TbHJrupSAjP	0	False	False	False	3.9468207359313965	3.0998294353485107
993	1699	QUCTc6BB5sX	0	True	True	True	1.6262311935424805	0.5218334794044495
1002	1711	TbHJrupSAjP	0	True	False	False	3.9582302570343018	0.3395085036754608
1003	1712	TbHJrupSAjP	0	False	False	False	4.4970574378967285	3.1964123249053955
4	8	x8F5xyUWy9e	0	True	False	False	10.86423397064209	1.630487084388733
994	1700	QUCTc6BB5sX	0	True	False	False	4.380245685577393	0.7182726860046387
368	603	X7HyMhZNoso	0	True	False	False	7.450560569763184	0.5505285263061523
295	476	zsNo4HB9uLZ	0	True	False	False	8.454742431640625	1.241093397140503
1040	1761	X7HyMhZNoso	0	True	True	True	0.9065192341804504	0.9927946925163269
276	442	EU6Fwq7SyZv	0	True	False	False	9.43173885345459	2.828115940093994
427	719	2azQ1b91cZZ	0	True	False	False	2.635852336883545	0.28307196497917175
680	1167	zsNo4HB9uLZ	0	True	True	True	1.4557734727859497	2.5264477729797363
19	32	x8F5xyUWy9e	0	True	False	False	5.502257823944092	0.7486945390701294
489	853	X7HyMhZNoso	0	True	False	False	6.33724308013916	0.21162594854831696
491	855	X7HyMhZNoso	0	True	False	False	6.24753999710083	0.11785612255334854
344	564	X7HyMhZNoso	0	True	False	False	8.641373634338379	0.6770036816596985
187	281	EU6Fwq7SyZv	0					
123	175	QUCTc6BB5sX	0	False	False	False	4.120622634887695	None
498	868	zsNo4HB9uLZ	0	True	False	False	7.742419242858887	2.1501309871673584
93	139	2azQ1b91cZZ	0	False	False	False	14.418378829956055	None
653	1134	Z6MFQCViBuw	0	True	False	False	5.587227821350098	1.4788841009140015
87	127	EU6Fwq7SyZv	0	False	False	False	0.0	None
687	1177	X7HyMhZNoso	0	True	True	True	1.7572165727615356	0.48359939455986023
355	584	x8F5xyUWy9e	0	False	False	False	2.338914632797241	None
